idates,imonths,iyears,obs
1,1,2007,0.0
2,1,2007,0.0
3,1,2007,0.0
4,1,2007,0.0
5,1,2007,0.0
6,1,2007,0.0
7,1,2007,0.0
8,1,2007,0.0
9,1,2007,0.0
10,1,2007,0.0
11,1,2007,0.0
12,1,2007,0.0
13,1,2007,0.0
14,1,2007,0.0
15,1,2007,0.0
16,1,2007,0.0
17,1,2007,0.0
18,1,2007,0.0
19,1,2007,0.0
20,1,2007,0.0
21,1,2007,0.0
22,1,2007,0.0
23,1,2007,0.0
24,1,2007,0.0
25,1,2007,0.0
26,1,2007,0.0
27,1,2007,0.0
28,1,2007,0.0
29,1,2007,0.0
30,1,2007,0.0
31,1,2007,0.0
1,2,2007,0.0
2,2,2007,0.0
3,2,2007,0.0
4,2,2007,0.0
5,2,2007,0.0
6,2,2007,0.0
7,2,2007,0.0
8,2,2007,0.0
9,2,2007,0.0
10,2,2007,0.0
11,2,2007,0.0
12,2,2007,0.0
13,2,2007,0.0
14,2,2007,0.0
15,2,2007,0.0
16,2,2007,0.0
17,2,2007,0.0
18,2,2007,0.0
19,2,2007,0.0
20,2,2007,0.0
21,2,2007,0.0
22,2,2007,0.0
23,2,2007,0.0
24,2,2007,0.0
25,2,2007,0.0
26,2,2007,0.0
27,2,2007,0.0
28,2,2007,0.0
1,3,2007,2.27
2,3,2007,0.0
3,3,2007,0.0
4,3,2007,0.0
5,3,2007,0.0
6,3,2007,0.0
7,3,2007,0.0
8,3,2007,0.0
9,3,2007,0.0
10,3,2007,0.1
11,3,2007,0.0
12,3,2007,0.58
13,3,2007,0.86
14,3,2007,0.22
15,3,2007,0.0
16,3,2007,0.0
17,3,2007,0.0
18,3,2007,0.0
19,3,2007,0.0
20,3,2007,0.0
21,3,2007,0.0
22,3,2007,0.0
23,3,2007,0.0
24,3,2007,0.0
25,3,2007,0.0
26,3,2007,0.0
27,3,2007,0.0
28,3,2007,0.0
29,3,2007,0.0
30,3,2007,0.0
31,3,2007,0.0
1,4,2007,0.0
2,4,2007,0.0
3,4,2007,0.0
4,4,2007,0.0
5,4,2007,0.0
6,4,2007,0.0
7,4,2007,0.0
8,4,2007,0.0
9,4,2007,0.0
10,4,2007,0.0
11,4,2007,0.0
12,4,2007,0.0
13,4,2007,0.0
14,4,2007,0.0
15,4,2007,0.0
16,4,2007,0.0
17,4,2007,0.0
18,4,2007,0.0
19,4,2007,0.0
20,4,2007,0.0
21,4,2007,0.0
22,4,2007,0.0
23,4,2007,0.0
24,4,2007,0.0
25,4,2007,0.0
26,4,2007,0.0
27,4,2007,0.0
28,4,2007,0.0
29,4,2007,0.0
30,4,2007,0.0
1,5,2007,1.75
2,5,2007,0.0
3,5,2007,0.0
4,5,2007,0.0
5,5,2007,26.14
6,5,2007,0.0
7,5,2007,0.0
8,5,2007,0.0
9,5,2007,0.45
10,5,2007,0.0
11,5,2007,0.0
12,5,2007,0.0
13,5,2007,0.0
14,5,2007,0.0
15,5,2007,0.0
16,5,2007,0.0
17,5,2007,0.0
18,5,2007,5.26
19,5,2007,0.92
20,5,2007,0.0
21,5,2007,0.0
22,5,2007,0.0
23,5,2007,0.0
24,5,2007,0.0
25,5,2007,0.0
26,5,2007,0.0
27,5,2007,0.0
28,5,2007,0.0
29,5,2007,0.0
30,5,2007,0.0
31,5,2007,0.0
1,6,2007,0.0
2,6,2007,0.0
3,6,2007,0.0
4,6,2007,0.0
5,6,2007,0.0
6,6,2007,0.0
7,6,2007,0.0
8,6,2007,0.0
9,6,2007,0.0
10,6,2007,0.0
11,6,2007,9.29
12,6,2007,4.36
15,6,2007,1.05
16,6,2007,0.7
17,6,2007,0.2
18,6,2007,13.89
21,6,2007,0.0
25,6,2007,4.45
26,6,2007,37.13
27,6,2007,68.39
28,6,2007,20.39
29,6,2007,17.07
3,7,2007,0.0
4,7,2007,0.0
5,7,2007,0.58
6,7,2007,0.0
7,7,2007,14.15
8,7,2007,1.26
9,7,2007,4.48
10,7,2007,9.72
11,7,2007,0.0
12,7,2007,0.0
13,7,2007,22.14
14,7,2007,52.72
15,7,2007,29.12
16,7,2007,45.24
17,7,2007,1.17
18,7,2007,2.52
19,7,2007,1.68
20,7,2007,3.82
21,7,2007,10.31
22,7,2007,1.05
23,7,2007,5.44
24,7,2007,0.0
25,7,2007,0.0
26,7,2007,0.0
27,7,2007,0.0
28,7,2007,1.47
29,7,2007,0.0
30,7,2007,3.03
31,7,2007,0.0
1,8,2007,0.0
2,8,2007,8.88
3,8,2007,5.12
4,8,2007,0.72
5,8,2007,0.0
6,8,2007,93.74
7,8,2007,130.81
8,8,2007,1.47
9,8,2007,0.0
10,8,2007,0.0
11,8,2007,27.81
12,8,2007,127.34
13,8,2007,43.87
14,8,2007,5.37
15,8,2007,0.0
16,8,2007,0.3
17,8,2007,0.0
18,8,2007,0.0
19,8,2007,1.71
20,8,2007,0.0
21,8,2007,0.93
22,8,2007,1.17
23,8,2007,6.02
24,8,2007,0.0
25,8,2007,0.0
26,8,2007,0.0
27,8,2007,0.0
28,8,2007,5.25
29,8,2007,0.0
30,8,2007,3.88
31,8,2007,0.0
1,9,2007,8.91
2,9,2007,1.79
3,9,2007,9.07
4,9,2007,12.31
5,9,2007,4.12
6,9,2007,16.38
7,9,2007,20.77
8,9,2007,0.32
9,9,2007,31.84
10,9,2007,13.72
11,9,2007,3.13
12,9,2007,2.86
13,9,2007,17.96
14,9,2007,12.47
15,9,2007,6.62
16,9,2007,2.82
17,9,2007,0.0
18,9,2007,1.77
19,9,2007,5.25
20,9,2007,0.0
21,9,2007,8.31
22,9,2007,20.17
23,9,2007,31.55
24,9,2007,27.4
25,9,2007,0.0
26,9,2007,0.0
27,9,2007,29.88
28,9,2007,0.0
29,9,2007,0.0
30,9,2007,7.57
1,10,2007,0.84
2,10,2007,3.88
3,10,2007,5.95
4,10,2007,15.91
5,10,2007,1.17
6,10,2007,10.62
7,10,2007,1.99
8,10,2007,1.04
9,10,2007,0.0
10,10,2007,0.0
11,10,2007,0.0
12,10,2007,0.0
13,10,2007,0.0
14,10,2007,0.0
15,10,2007,0.0
16,10,2007,0.0
17,10,2007,0.0
18,10,2007,0.0
19,10,2007,0.0
20,10,2007,0.0
21,10,2007,0.0
22,10,2007,0.0
23,10,2007,0.0
24,10,2007,0.0
25,10,2007,0.0
26,10,2007,0.0
27,10,2007,0.0
28,10,2007,0.0
29,10,2007,0.0
30,10,2007,0.0
31,10,2007,0.0
1,11,2007,0.0
2,11,2007,0.0
3,11,2007,0.0
4,11,2007,0.0
5,11,2007,0.0
6,11,2007,0.0
7,11,2007,0.0
8,11,2007,0.0
11,11,2007,0.0
12,11,2007,0.0
13,11,2007,0.0
14,11,2007,0.0
15,11,2007,0.0
16,11,2007,0.0
17,11,2007,0.0
18,11,2007,0.0
19,11,2007,0.0
20,11,2007,0.0
21,11,2007,0.0
22,11,2007,0.0
23,11,2007,0.0
24,11,2007,0.0
25,11,2007,0.0
26,11,2007,0.0
27,11,2007,0.0
28,11,2007,0.0
29,11,2007,0.0
30,11,2007,0.0
1,12,2007,0.0
2,12,2007,0.0
3,12,2007,0.0
4,12,2007,0.0
5,12,2007,0.0
6,12,2007,0.0
8,12,2007,0.0
9,12,2007,0.0
10,12,2007,0.0
11,12,2007,0.0
12,12,2007,0.0
13,12,2007,0.0
14,12,2007,0.0
15,12,2007,0.0
16,12,2007,0.0
17,12,2007,0.0
18,12,2007,0.0
19,12,2007,0.0
20,12,2007,0.0
21,12,2007,0.0
22,12,2007,0.0
23,12,2007,0.0
24,12,2007,0.0
25,12,2007,0.0
26,12,2007,0.0
27,12,2007,0.0
28,12,2007,0.0
29,12,2007,0.0
30,12,2007,0.0
31,12,2007,0.0
1,1,2008,0.0
2,1,2008,0.0
3,1,2008,0.0
4,1,2008,0.0
5,1,2008,0.0
6,1,2008,0.0
7,1,2008,0.0
8,1,2008,0.0
9,1,2008,0.0
10,1,2008,0.0
11,1,2008,0.0
12,1,2008,0.0
13,1,2008,0.0
14,1,2008,0.0
15,1,2008,0.0
16,1,2008,0.0
17,1,2008,0.0
18,1,2008,0.0
19,1,2008,0.0
20,1,2008,0.0
21,1,2008,0.0
22,1,2008,0.0
23,1,2008,0.0
24,1,2008,0.0
25,1,2008,0.54
26,1,2008,17.72
27,1,2008,16.5
28,1,2008,0.0
29,1,2008,0.0
30,1,2008,0.0
31,1,2008,0.0
1,2,2008,0.0
2,2,2008,0.0
3,2,2008,0.0
4,2,2008,0.0
5,2,2008,2.92
6,2,2008,0.0
7,2,2008,0.0
8,2,2008,0.0
9,2,2008,0.0
10,2,2008,0.0
11,2,2008,0.0
12,2,2008,0.2
13,2,2008,0.0
14,2,2008,0.0
15,2,2008,0.0
16,2,2008,0.0
17,2,2008,0.0
18,2,2008,0.0
19,2,2008,0.0
20,2,2008,0.0
21,2,2008,0.0
22,2,2008,0.0
23,2,2008,0.0
24,2,2008,0.0
25,2,2008,0.0
26,2,2008,0.0
27,2,2008,0.0
28,2,2008,0.0
29,2,2008,0.0
1,3,2008,0.0
2,3,2008,0.0
3,3,2008,0.0
4,3,2008,0.0
5,3,2008,0.0
6,3,2008,0.0
7,3,2008,0.0
8,3,2008,0.0
9,3,2008,0.0
10,3,2008,0.0
11,3,2008,0.0
12,3,2008,0.0
13,3,2008,0.0
14,3,2008,0.0
15,3,2008,0.0
16,3,2008,0.0
17,3,2008,0.0
18,3,2008,0.0
19,3,2008,0.0
20,3,2008,0.0
21,3,2008,0.0
22,3,2008,0.0
23,3,2008,0.0
24,3,2008,1.06
25,3,2008,0.0
26,3,2008,0.0
27,3,2008,0.54
28,3,2008,0.0
29,3,2008,0.4
30,3,2008,0.0
31,3,2008,0.0
1,4,2008,0.0
2,4,2008,0.0
3,4,2008,0.0
4,4,2008,0.0
5,4,2008,0.0
6,4,2008,0.0
7,4,2008,0.0
8,4,2008,0.0
9,4,2008,0.0
10,4,2008,0.0
11,4,2008,0.0
12,4,2008,0.0
13,4,2008,0.0
14,4,2008,0.0
15,4,2008,0.0
16,4,2008,0.0
17,4,2008,0.0
18,4,2008,0.0
19,4,2008,0.0
20,4,2008,0.0
21,4,2008,0.0
22,4,2008,0.0
23,4,2008,0.0
24,4,2008,0.0
25,4,2008,0.0
26,4,2008,0.0
27,4,2008,0.0
28,4,2008,0.0
29,4,2008,0.0
30,4,2008,0.0
1,5,2008,0.0
2,5,2008,0.0
3,5,2008,0.0
4,5,2008,0.0
5,5,2008,0.0
6,5,2008,0.0
7,5,2008,0.0
8,5,2008,0.2
9,5,2008,0.0
10,5,2008,0.0
11,5,2008,0.0
12,5,2008,0.0
13,5,2008,0.0
14,5,2008,0.0
15,5,2008,0.0
16,5,2008,0.0
17,5,2008,0.0
18,5,2008,0.0
19,5,2008,0.0
20,5,2008,0.0
21,5,2008,0.0
22,5,2008,0.0
23,5,2008,0.0
24,5,2008,0.0
25,5,2008,0.0
26,5,2008,0.0
27,5,2008,0.0
28,5,2008,0.2
29,5,2008,0.0
30,5,2008,0.0
31,5,2008,0.0
1,6,2008,0.0
2,6,2008,0.0
3,6,2008,0.0
4,6,2008,0.0
5,6,2008,0.0
6,6,2008,4.76
7,6,2008,6.53
8,6,2008,27.22
9,6,2008,27.82
10,6,2008,5.07
11,6,2008,1.05
12,6,2008,7.15
13,6,2008,0.0
14,6,2008,1.05
15,6,2008,6.5
16,6,2008,10.42
17,6,2008,0.79
18,6,2008,1.13
19,6,2008,0.0
20,6,2008,0.0
21,6,2008,0.0
22,6,2008,3.21
23,6,2008,0.0
24,6,2008,11.61
25,6,2008,2.35
26,6,2008,0.84
27,6,2008,1.17
28,6,2008,56.33
29,6,2008,7.4
30,6,2008,2.0
1,7,2008,1.37
2,7,2008,12.94
3,7,2008,0.0
4,7,2008,1.22
5,7,2008,4.08
7,7,2008,14.96
8,7,2008,13.99
9,7,2008,3.97
10,7,2008,9.27
11,7,2008,1.47
12,7,2008,0.0
13,7,2008,1.17
14,7,2008,0.65
15,7,2008,1.55
16,7,2008,15.43
17,7,2008,14.25
18,7,2008,2.91
19,7,2008,5.0
20,7,2008,4.95
21,7,2008,0.0
22,7,2008,0.0
23,7,2008,2.94
24,7,2008,15.92
25,7,2008,5.22
26,7,2008,4.93
27,7,2008,8.98
28,7,2008,17.01
29,7,2008,5.79
30,7,2008,3.54
31,7,2008,19.11
1,8,2008,9.41
2,8,2008,7.59
3,8,2008,0.0
4,8,2008,22.48
5,8,2008,1.96
6,8,2008,4.21
7,8,2008,1.47
8,8,2008,76.4
9,8,2008,62.43
10,8,2008,67.33
11,8,2008,2.64
12,8,2008,0.0
13,8,2008,0.0
14,8,2008,0.0
15,8,2008,10.62
16,8,2008,19.71
17,8,2008,23.58
18,8,2008,14.08
19,8,2008,3.61
20,8,2008,16.5
21,8,2008,16.86
22,8,2008,18.32
23,8,2008,23.96
24,8,2008,42.16
25,8,2008,17.14
26,8,2008,5.25
27,8,2008,7.01
28,8,2008,2.9
29,8,2008,0.56
30,8,2008,6.45
31,8,2008,7.97
1,9,2008,0.0
2,9,2008,0.0
3,9,2008,0.63
4,9,2008,5.87
5,9,2008,0.0
6,9,2008,0.51
7,9,2008,0.0
8,9,2008,0.0
9,9,2008,1.25
10,9,2008,9.93
11,9,2008,1.52
12,9,2008,0.0
13,9,2008,7.74
14,9,2008,87.47
15,9,2008,0.63
16,9,2008,23.23
17,9,2008,124.64
18,9,2008,203.6
19,9,2008,15.04
20,9,2008,0.0
21,9,2008,0.34
22,9,2008,0.0
23,9,2008,1.35
24,9,2008,0.0
25,9,2008,0.0
26,9,2008,0.0
27,9,2008,0.0
28,9,2008,0.0
29,9,2008,0.0
30,9,2008,3.95
1,10,2008,0.0
2,10,2008,0.0
3,10,2008,0.0
4,10,2008,0.0
5,10,2008,0.63
6,10,2008,0.0
7,10,2008,0.2
8,10,2008,0.0
9,10,2008,0.0
10,10,2008,0.21
11,10,2008,0.0
12,10,2008,0.0
13,10,2008,0.0
14,10,2008,0.0
15,10,2008,0.0
16,10,2008,0.0
17,10,2008,0.0
18,10,2008,0.0
19,10,2008,0.0
20,10,2008,0.0
21,10,2008,0.0
22,10,2008,0.0
23,10,2008,0.0
24,10,2008,0.0
25,10,2008,0.0
26,10,2008,0.0
27,10,2008,0.0
28,10,2008,0.0
29,10,2008,0.0
30,10,2008,0.0
31,10,2008,0.0
1,11,2008,0.0
2,11,2008,0.0
3,11,2008,0.0
4,11,2008,0.0
5,11,2008,0.0
6,11,2008,0.0
7,11,2008,0.0
8,11,2008,0.0
9,11,2008,0.0
10,11,2008,0.0
11,11,2008,0.0
12,11,2008,0.0
13,11,2008,0.0
14,11,2008,0.0
15,11,2008,0.0
16,11,2008,0.0
17,11,2008,0.0
18,11,2008,0.0
19,11,2008,0.0
20,11,2008,0.0
21,11,2008,0.0
22,11,2008,0.0
23,11,2008,0.0
24,11,2008,0.0
26,11,2008,0.0
27,11,2008,0.0
28,11,2008,0.0
29,11,2008,0.0
30,11,2008,0.0
1,12,2008,0.0
2,12,2008,0.0
3,12,2008,0.0
4,12,2008,0.0
5,12,2008,0.0
6,12,2008,0.0
7,12,2008,0.0
8,12,2008,0.0
9,12,2008,0.0
10,12,2008,0.0
11,12,2008,0.0
12,12,2008,0.0
13,12,2008,0.0
14,12,2008,0.0
15,12,2008,0.0
16,12,2008,0.0
17,12,2008,0.0
18,12,2008,0.0
19,12,2008,0.0
20,12,2008,0.0
21,12,2008,0.0
22,12,2008,0.0
23,12,2008,0.0
24,12,2008,0.0
25,12,2008,0.0
26,12,2008,0.0
27,12,2008,0.0
28,12,2008,0.0
29,12,2008,0.0
30,12,2008,0.0
31,12,2008,0.0
1,1,2009,0.0
2,1,2009,0.0
3,1,2009,0.0
4,1,2009,0.0
5,1,2009,0.0
6,1,2009,0.0
7,1,2009,0.0
8,1,2009,0.0
9,1,2009,0.0
10,1,2009,0.0
11,1,2009,0.0
12,1,2009,0.0
13,1,2009,0.0
14,1,2009,0.0
15,1,2009,0.0
16,1,2009,0.0
17,1,2009,0.0
18,1,2009,0.0
19,1,2009,0.0
20,1,2009,0.0
21,1,2009,0.0
22,1,2009,0.0
23,1,2009,0.0
24,1,2009,0.0
25,1,2009,0.0
26,1,2009,0.0
27,1,2009,0.0
28,1,2009,0.0
29,1,2009,0.0
30,1,2009,0.0
31,1,2009,0.0
1,2,2009,0.0
2,2,2009,0.0
3,2,2009,0.0
4,2,2009,0.0
5,2,2009,0.0
6,2,2009,0.0
7,2,2009,0.0
8,2,2009,0.0
9,2,2009,0.0
10,2,2009,0.0
11,2,2009,0.0
12,2,2009,0.0
13,2,2009,0.0
14,2,2009,0.0
15,2,2009,0.0
16,2,2009,0.0
17,2,2009,0.0
18,2,2009,0.0
19,2,2009,0.0
20,2,2009,0.0
21,2,2009,0.0
22,2,2009,0.0
23,2,2009,0.0
24,2,2009,0.0
25,2,2009,0.0
26,2,2009,0.0
27,2,2009,0.0
28,2,2009,0.0
1,3,2009,0.0
2,3,2009,0.0
3,3,2009,0.0
4,3,2009,0.0
5,3,2009,0.0
6,3,2009,0.0
7,3,2009,0.0
8,3,2009,0.0
9,3,2009,0.0
10,3,2009,0.0
11,3,2009,0.0
12,3,2009,0.0
13,3,2009,0.0
14,3,2009,0.0
15,3,2009,0.0
16,3,2009,0.0
17,3,2009,0.0
18,3,2009,0.0
19,3,2009,0.0
20,3,2009,0.0
21,3,2009,0.0
22,3,2009,0.0
23,3,2009,0.0
24,3,2009,0.0
25,3,2009,0.0
26,3,2009,1.0
27,3,2009,0.0
28,3,2009,0.0
29,3,2009,0.0
30,3,2009,0.0
31,3,2009,0.0
1,4,2009,0.0
2,4,2009,0.0
3,4,2009,0.0
4,4,2009,0.0
5,4,2009,0.0
6,4,2009,0.0
7,4,2009,0.0
8,4,2009,0.0
9,4,2009,0.0
10,4,2009,0.0
11,4,2009,0.0
12,4,2009,0.0
13,4,2009,0.0
14,4,2009,0.0
15,4,2009,0.0
16,4,2009,0.0
17,4,2009,0.0
18,4,2009,0.0
19,4,2009,0.0
20,4,2009,0.0
21,4,2009,0.0
22,4,2009,0.0
23,4,2009,0.0
24,4,2009,0.0
25,4,2009,0.0
26,4,2009,0.0
27,4,2009,0.0
28,4,2009,0.0
29,4,2009,0.0
30,4,2009,0.0
1,5,2009,0.0
2,5,2009,0.0
3,5,2009,0.0
4,5,2009,0.0
5,5,2009,1.0
6,5,2009,0.0
7,5,2009,0.0
8,5,2009,0.0
9,5,2009,0.0
10,5,2009,0.0
11,5,2009,0.0
12,5,2009,0.0
13,5,2009,0.0
14,5,2009,0.0
15,5,2009,0.0
16,5,2009,0.0
17,5,2009,0.0
18,5,2009,8.0
19,5,2009,0.0
20,5,2009,0.0
21,5,2009,16.2
22,5,2009,0.0
23,5,2009,0.0
24,5,2009,0.0
25,5,2009,0.0
26,5,2009,0.0
27,5,2009,0.0
28,5,2009,0.0
29,5,2009,0.0
30,5,2009,0.0
31,5,2009,0.0
1,6,2009,0.0
2,6,2009,0.5
3,6,2009,11.64
4,6,2009,0.0
5,6,2009,3.29
6,6,2009,5.36
7,6,2009,26.4
8,6,2009,0.0
9,6,2009,0.0
10,6,2009,0.0
11,6,2009,0.0
12,6,2009,3.21
13,6,2009,0.0
14,6,2009,0.0
15,6,2009,29.83
16,6,2009,0.0
17,6,2009,0.0
18,6,2009,0.0
19,6,2009,0.17
20,6,2009,0.54
21,6,2009,0.0
22,6,2009,0.0
23,6,2009,0.0
24,6,2009,0.0
25,6,2009,24.55
26,6,2009,8.45
27,6,2009,0.0
28,6,2009,1.86
29,6,2009,3.68
30,6,2009,0.0
1,7,2009,26.92
2,7,2009,8.19
3,7,2009,17.68
4,7,2009,25.45
5,7,2009,22.63
6,7,2009,57.42
7,7,2009,12.56
8,7,2009,8.24
9,7,2009,0.39
10,7,2009,17.13
11,7,2009,15.75
12,7,2009,1.7
13,7,2009,77.75
14,7,2009,123.12
15,7,2009,115.8
16,7,2009,20.43
17,7,2009,0.0
18,7,2009,40.72
19,7,2009,59.0
20,7,2009,102.82
21,7,2009,43.57
22,7,2009,5.07
23,7,2009,0.43
24,7,2009,0.0
25,7,2009,0.0
26,7,2009,0.47
27,7,2009,3.0
28,7,2009,35.69
29,7,2009,0.0
30,7,2009,0.51
31,7,2009,1.91
1,8,2009,0.0
2,8,2009,0.0
3,8,2009,0.0
4,8,2009,0.14
5,8,2009,0.0
6,8,2009,0.0
7,8,2009,0.0
8,8,2009,0.0
9,8,2009,0.0
10,8,2009,21.75
11,8,2009,24.0
12,8,2009,0.76
13,8,2009,14.45
14,8,2009,34.87
15,8,2009,17.56
16,8,2009,0.95
17,8,2009,1.21
18,8,2009,4.22
19,8,2009,0.1
20,8,2009,39.6
21,8,2009,36.96
22,8,2009,1.5
23,8,2009,8.03
24,8,2009,7.47
25,8,2009,22.29
26,8,2009,50.52
27,8,2009,28.07
28,8,2009,17.87
29,8,2009,5.17
30,8,2009,0.0
31,8,2009,9.49
1,9,2009,0.84
2,9,2009,0.22
3,9,2009,0.0
4,9,2009,0.0
5,9,2009,13.55
6,9,2009,37.01
7,9,2009,3.12
8,9,2009,0.39
9,9,2009,1.29
10,9,2009,0.0
11,9,2009,0.0
12,9,2009,0.0
13,9,2009,0.0
14,9,2009,0.0
15,9,2009,0.33
16,9,2009,0.0
17,9,2009,0.62
18,9,2009,0.0
19,9,2009,10.45
20,9,2009,9.32
21,9,2009,0.0
22,9,2009,1.94
23,9,2009,13.7
24,9,2009,9.36
25,9,2009,7.07
26,9,2009,4.15
27,9,2009,1.22
28,9,2009,0.0
29,9,2009,7.8
30,9,2009,6.69
1,10,2009,14.11
2,10,2009,13.4
3,10,2009,11.21
4,10,2009,0.38
5,10,2009,12.27
6,10,2009,18.46
7,10,2009,0.41
8,10,2009,0.54
9,10,2009,0.0
10,10,2009,0.0
11,10,2009,0.0
12,10,2009,0.0
13,10,2009,0.0
14,10,2009,0.0
15,10,2009,0.0
16,10,2009,0.0
17,10,2009,0.0
18,10,2009,0.0
19,10,2009,0.0
20,10,2009,0.0
21,10,2009,0.0
22,10,2009,0.0
23,10,2009,0.0
24,10,2009,0.0
25,10,2009,0.0
26,10,2009,0.0
27,10,2009,0.0
28,10,2009,0.0
29,10,2009,0.0
30,10,2009,0.0
31,10,2009,0.0
1,11,2009,0.0
2,11,2009,0.0
3,11,2009,0.0
4,11,2009,0.0
5,11,2009,2.53
6,11,2009,0.0
7,11,2009,0.0
8,11,2009,0.0
9,11,2009,0.0
10,11,2009,0.0
11,11,2009,0.0
12,11,2009,0.0
13,11,2009,0.52
14,11,2009,0.0
15,11,2009,0.53
16,11,2009,0.0
17,11,2009,0.0
18,11,2009,33.02
19,11,2009,0.0
20,11,2009,0.0
21,11,2009,0.0
22,11,2009,0.0
23,11,2009,0.0
24,11,2009,0.0
25,11,2009,0.0
26,11,2009,0.0
27,11,2009,0.0
28,11,2009,0.0
29,11,2009,0.0
30,11,2009,0.0
1,12,2009,0.0
2,12,2009,0.0
3,12,2009,0.0
4,12,2009,0.0
5,12,2009,0.0
6,12,2009,0.0
7,12,2009,0.0
8,12,2009,0.0
9,12,2009,0.0
10,12,2009,0.0
11,12,2009,0.0
12,12,2009,0.0
13,12,2009,0.0
14,12,2009,0.0
15,12,2009,0.0
16,12,2009,0.0
17,12,2009,0.0
18,12,2009,0.0
19,12,2009,0.0
20,12,2009,0.0
21,12,2009,0.0
22,12,2009,0.0
23,12,2009,0.0
24,12,2009,0.0
25,12,2009,0.0
26,12,2009,0.0
27,12,2009,0.0
28,12,2009,0.0
29,12,2009,0.0
30,12,2009,0.0
31,12,2009,0.0
1,1,2010,0.0
2,1,2010,0.0
3,1,2010,0.0
4,1,2010,0.0
5,1,2010,0.0
6,1,2010,0.0
7,1,2010,0.0
8,1,2010,0.0
9,1,2010,0.0
10,1,2010,0.0
11,1,2010,0.0
12,1,2010,0.0
13,1,2010,0.0
14,1,2010,8.49
15,1,2010,0.0
16,1,2010,0.0
17,1,2010,0.0
18,1,2010,0.0
19,1,2010,0.0
20,1,2010,0.0
21,1,2010,0.0
22,1,2010,0.0
23,1,2010,0.0
24,1,2010,0.0
25,1,2010,0.0
26,1,2010,0.0
27,1,2010,0.0
28,1,2010,0.0
29,1,2010,0.0
30,1,2010,0.0
31,1,2010,0.0
1,2,2010,0.0
2,2,2010,0.0
3,2,2010,0.0
4,2,2010,0.0
5,2,2010,0.0
6,2,2010,0.0
7,2,2010,0.0
8,2,2010,0.0
9,2,2010,0.0
10,2,2010,0.0
11,2,2010,0.0
12,2,2010,0.0
13,2,2010,0.0
14,2,2010,0.0
15,2,2010,0.0
16,2,2010,0.0
17,2,2010,0.0
18,2,2010,0.0
19,2,2010,0.0
20,2,2010,0.0
21,2,2010,0.0
22,2,2010,0.0
23,2,2010,0.0
24,2,2010,0.0
25,2,2010,0.0
26,2,2010,0.0
27,2,2010,0.0
28,2,2010,0.0
1,3,2010,0.0
2,3,2010,0.0
3,3,2010,0.0
4,3,2010,0.0
5,3,2010,0.0
6,3,2010,0.0
7,3,2010,0.0
8,3,2010,0.0
9,3,2010,0.0
10,3,2010,0.0
11,3,2010,0.0
12,3,2010,0.46
13,3,2010,0.0
14,3,2010,0.0
15,3,2010,0.0
16,3,2010,0.0
17,3,2010,0.0
18,3,2010,0.0
19,3,2010,0.0
20,3,2010,0.0
21,3,2010,0.0
22,3,2010,0.0
23,3,2010,0.0
24,3,2010,0.0
25,3,2010,0.0
26,3,2010,0.0
27,3,2010,0.0
28,3,2010,0.0
29,3,2010,0.0
30,3,2010,0.0
31,3,2010,0.0
1,4,2010,0.0
2,4,2010,0.0
3,4,2010,0.0
4,4,2010,0.0
5,4,2010,0.0
6,4,2010,0.0
7,4,2010,0.0
8,4,2010,0.0
9,4,2010,0.0
10,4,2010,0.0
11,4,2010,0.0
12,4,2010,0.0
13,4,2010,0.0
14,4,2010,0.0
15,4,2010,0.0
16,4,2010,0.0
17,4,2010,0.0
18,4,2010,0.0
19,4,2010,0.0
20,4,2010,0.0
21,4,2010,0.0
22,4,2010,0.0
23,4,2010,0.0
24,4,2010,0.0
25,4,2010,0.0
26,4,2010,0.0
27,4,2010,0.0
28,4,2010,0.0
29,4,2010,1.87
30,4,2010,0.0
1,5,2010,0.0
2,5,2010,0.0
3,5,2010,0.0
4,5,2010,3.48
5,5,2010,0.0
6,5,2010,1.64
7,5,2010,0.0
8,5,2010,0.33
9,5,2010,0.0
10,5,2010,0.0
11,5,2010,0.0
12,5,2010,0.0
13,5,2010,0.0
14,5,2010,2.13
15,5,2010,0.0
16,5,2010,0.0
17,5,2010,0.0
18,5,2010,0.0
19,5,2010,0.0
20,5,2010,0.0
21,5,2010,6.28
22,5,2010,6.1
23,5,2010,15.92
24,5,2010,0.0
25,5,2010,2.17
26,5,2010,0.16
27,5,2010,0.0
28,5,2010,1.77
29,5,2010,20.83
30,5,2010,0.0
31,5,2010,0.0
1,6,2010,0.0
2,6,2010,0.0
3,6,2010,0.0
4,6,2010,0.0
5,6,2010,6.32
6,6,2010,0.0
7,6,2010,0.0
8,6,2010,0.0
9,6,2010,6.53
10,6,2010,0.22
11,6,2010,0.0
12,6,2010,0.0
13,6,2010,0.0
14,6,2010,0.0
15,6,2010,0.0
16,6,2010,0.0
17,6,2010,1.24
18,6,2010,4.1
19,6,2010,0.0
20,6,2010,31.48
21,6,2010,0.0
22,6,2010,0.0
23,6,2010,0.0
24,6,2010,5.14
25,6,2010,5.86
26,6,2010,19.42
27,6,2010,2.57
28,6,2010,1.05
29,6,2010,15.34
30,6,2010,4.9
1,7,2010,2.41
2,7,2010,2.9
3,7,2010,8.46
4,7,2010,0.0
5,7,2010,2.25
6,7,2010,63.85
7,7,2010,3.82
8,7,2010,20.17
9,7,2010,0.6
10,7,2010,0.7
11,7,2010,39.21
12,7,2010,65.96
13,7,2010,12.27
14,7,2010,3.02
15,7,2010,0.8
16,7,2010,1.35
17,7,2010,4.98
18,7,2010,0.0
19,7,2010,1.73
20,7,2010,0.16
21,7,2010,0.21
22,7,2010,0.98
23,7,2010,10.09
24,7,2010,92.59
25,7,2010,33.71
26,7,2010,17.76
27,7,2010,10.31
28,7,2010,7.84
29,7,2010,19.88
30,7,2010,6.25
31,7,2010,0.45
1,8,2010,2.22
2,8,2010,15.56
3,8,2010,15.27
4,8,2010,14.54
5,8,2010,40.23
6,8,2010,108.93
7,8,2010,0.57
8,8,2010,0.0
9,8,2010,0.0
10,8,2010,0.0
11,8,2010,1.41
12,8,2010,4.09
13,8,2010,0.75
14,8,2010,4.93
15,8,2010,40.26
16,8,2010,4.41
17,8,2010,0.0
18,8,2010,5.5
19,8,2010,2.35
20,8,2010,0.41
21,8,2010,19.3
22,8,2010,0.0
23,8,2010,10.17
24,8,2010,0.21
25,8,2010,6.29
26,8,2010,17.27
27,8,2010,0.0
28,8,2010,1.1
29,8,2010,1.92
30,8,2010,10.63
31,8,2010,9.71
1,9,2010,0.85
2,9,2010,9.73
3,9,2010,7.07
4,9,2010,24.9
5,9,2010,16.74
6,9,2010,12.16
7,9,2010,12.35
8,9,2010,62.49
9,9,2010,0.59
10,9,2010,0.0
11,9,2010,2.0
12,9,2010,0.75
13,9,2010,6.69
14,9,2010,19.08
15,9,2010,57.02
16,9,2010,0.56
17,9,2010,24.7
18,9,2010,73.06
19,9,2010,33.27
20,9,2010,3.5
21,9,2010,0.0
22,9,2010,0.68
23,9,2010,0.0
24,9,2010,0.45
25,9,2010,0.0
26,9,2010,0.0
27,9,2010,0.0
28,9,2010,0.0
29,9,2010,9.32
30,9,2010,0.0
1,10,2010,0.0
2,10,2010,0.0
3,10,2010,0.0
4,10,2010,0.0
5,10,2010,0.0
6,10,2010,9.92
7,10,2010,1.11
8,10,2010,4.49
9,10,2010,0.28
10,10,2010,0.55
11,10,2010,0.0
12,10,2010,0.0
13,10,2010,0.0
14,10,2010,0.0
15,10,2010,20.01
16,10,2010,18.12
17,10,2010,0.78
18,10,2010,4.18
19,10,2010,0.0
20,10,2010,0.0
21,10,2010,0.0
22,10,2010,2.15
23,10,2010,0.37
24,10,2010,35.73
25,10,2010,0.0
26,10,2010,0.0
27,10,2010,0.0
28,10,2010,0.0
29,10,2010,0.0
30,10,2010,0.0
31,10,2010,2.26
1,11,2010,0.37
2,11,2010,0.0
3,11,2010,0.0
4,11,2010,0.0
5,11,2010,0.0
6,11,2010,0.0
7,11,2010,0.0
8,11,2010,0.0
9,11,2010,1.27
10,11,2010,0.0
11,11,2010,0.0
12,11,2010,0.0
13,11,2010,0.32
14,11,2010,0.0
15,11,2010,0.0
16,11,2010,0.0
17,11,2010,0.0
18,11,2010,0.0
19,11,2010,0.0
20,11,2010,0.0
21,11,2010,1.68
22,11,2010,0.0
23,11,2010,0.0
24,11,2010,0.0
25,11,2010,0.0
26,11,2010,0.0
27,11,2010,0.0
28,11,2010,0.0
29,11,2010,0.0
30,11,2010,0.0
1,12,2010,0.0
2,12,2010,0.0
3,12,2010,0.0
4,12,2010,0.0
5,12,2010,0.0
6,12,2010,2.37
7,12,2010,18.77
8,12,2010,12.96
9,12,2010,5.35
10,12,2010,2.92
11,12,2010,0.33
12,12,2010,0.0
13,12,2010,0.33
14,12,2010,0.0
15,12,2010,0.0
16,12,2010,0.0
17,12,2010,0.0
18,12,2010,0.0
19,12,2010,0.0
20,12,2010,0.0
21,12,2010,0.0
22,12,2010,0.0
23,12,2010,0.0
24,12,2010,0.0
25,12,2010,0.0
26,12,2010,0.0
27,12,2010,0.0
28,12,2010,0.0
29,12,2010,0.0
30,12,2010,0.0
31,12,2010,0.0
1,1,2011,0.0
2,1,2011,0.0
3,1,2011,0.0
4,1,2011,0.0
5,1,2011,0.0
6,1,2011,0.0
7,1,2011,0.0
9,1,2011,0.0
10,1,2011,0.0
11,1,2011,0.0
12,1,2011,0.0
14,1,2011,0.0
15,1,2011,0.0
16,1,2011,0.0
18,1,2011,0.0
21,1,2011,0.0
22,1,2011,0.0
23,1,2011,0.0
24,1,2011,0.0
25,1,2011,0.0
26,1,2011,0.0
27,1,2011,0.0
28,1,2011,0.0
29,1,2011,0.0
30,1,2011,0.0
31,1,2011,0.0
1,2,2011,0.0
2,2,2011,0.0
3,2,2011,0.0
4,2,2011,0.0
5,2,2011,0.0
6,2,2011,0.0
7,2,2011,0.0
8,2,2011,0.0
9,2,2011,0.0
10,2,2011,0.0
12,2,2011,0.0
13,2,2011,0.0
14,2,2011,0.0
15,2,2011,0.0
16,2,2011,0.0
17,2,2011,0.0
18,2,2011,0.0
19,2,2011,0.0
20,2,2011,0.0
21,2,2011,2.96
22,2,2011,0.0
23,2,2011,0.0
24,2,2011,0.12
25,2,2011,0.0
26,2,2011,0.48
27,2,2011,0.0
28,2,2011,0.0
1,3,2011,0.0
2,3,2011,0.0
3,3,2011,0.0
4,3,2011,0.0
5,3,2011,0.0
6,3,2011,0.0
7,3,2011,0.0
8,3,2011,0.0
9,3,2011,0.0
10,3,2011,0.0
11,3,2011,0.0
12,3,2011,0.0
13,3,2011,0.0
14,3,2011,0.0
15,3,2011,0.0
16,3,2011,0.0
17,3,2011,0.0
18,3,2011,0.0
19,3,2011,0.0
20,3,2011,0.0
21,3,2011,0.0
22,3,2011,0.0
23,3,2011,0.0
24,3,2011,0.0
25,3,2011,0.0
26,3,2011,0.0
27,3,2011,0.0
28,3,2011,0.0
29,3,2011,0.0
30,3,2011,0.0
31,3,2011,0.0
1,4,2011,0.0
2,4,2011,0.0
3,4,2011,0.0
4,4,2011,0.0
5,4,2011,0.0
6,4,2011,0.0
7,4,2011,0.0
8,4,2011,0.0
9,4,2011,0.0
10,4,2011,1.43
11,4,2011,0.0
12,4,2011,0.0
13,4,2011,0.0
14,4,2011,0.48
15,4,2011,0.0
16,4,2011,0.0
17,4,2011,3.13
18,4,2011,0.0
19,4,2011,0.0
20,4,2011,0.86
21,4,2011,0.0
22,4,2011,1.72
23,4,2011,0.0
24,4,2011,0.0
25,4,2011,0.0
26,4,2011,7.23
27,4,2011,4.02
28,4,2011,11.89
29,4,2011,0.0
30,4,2011,0.0
1,5,2011,0.0
2,5,2011,0.0
3,5,2011,0.0
4,5,2011,0.0
5,5,2011,0.0
6,5,2011,0.0
7,5,2011,0.63
8,5,2011,0.0
9,5,2011,0.0
10,5,2011,0.0
11,5,2011,0.0
12,5,2011,0.0
13,5,2011,0.0
14,5,2011,0.12
15,5,2011,0.0
16,5,2011,0.0
17,5,2011,0.0
18,5,2011,0.0
19,5,2011,0.0
20,5,2011,1.11
21,5,2011,0.0
22,5,2011,0.0
23,5,2011,0.0
24,5,2011,0.0
25,5,2011,0.86
26,5,2011,0.0
27,5,2011,22.28
28,5,2011,0.34
29,5,2011,0.0
30,5,2011,0.0
31,5,2011,0.0
1,6,2011,0.0
2,6,2011,0.0
3,6,2011,0.0
4,6,2011,0.0
5,6,2011,0.0
6,6,2011,5.96
7,6,2011,6.07
8,6,2011,0.0
9,6,2011,0.0
10,6,2011,0.0
11,6,2011,3.42
12,6,2011,0.0
13,6,2011,5.78
14,6,2011,13.49
15,6,2011,0.0
16,6,2011,9.52
17,6,2011,19.46
18,6,2011,10.98
19,6,2011,6.4
20,6,2011,3.38
21,6,2011,4.37
22,6,2011,5.05
23,6,2011,1.95
24,6,2011,0.68
25,6,2011,0.0
26,6,2011,0.0
27,6,2011,21.3
28,6,2011,0.0
29,6,2011,0.7
30,6,2011,3.85
1,7,2011,0.0
2,7,2011,0.0
3,7,2011,8.78
4,7,2011,4.51
5,7,2011,43.65
6,7,2011,3.46
7,7,2011,3.82
8,7,2011,0.0
9,7,2011,0.0
10,7,2011,0.0
11,7,2011,0.0
12,7,2011,0.0
13,7,2011,2.88
14,7,2011,3.78
15,7,2011,0.0
16,7,2011,1.86
17,7,2011,4.36
18,7,2011,6.45
19,7,2011,0.0
20,7,2011,0.0
21,7,2011,6.36
22,7,2011,11.75
23,7,2011,3.95
24,7,2011,0.72
25,7,2011,0.0
26,7,2011,5.64
27,7,2011,0.86
28,7,2011,1.88
29,7,2011,0.0
30,7,2011,6.04
31,7,2011,0.0
1,8,2011,25.1
2,8,2011,6.26
3,8,2011,45.55
4,8,2011,15.04
5,8,2011,7.8
6,8,2011,0.0
7,8,2011,0.0
8,8,2011,3.79
9,8,2011,9.07
10,8,2011,0.0
11,8,2011,5.64
12,8,2011,26.35
13,8,2011,14.63
14,8,2011,7.58
15,8,2011,0.0
16,8,2011,0.0
17,8,2011,8.95
18,8,2011,31.35
19,8,2011,33.56
20,8,2011,22.58
21,8,2011,0.6
22,8,2011,1.17
23,8,2011,0.0
24,8,2011,42.48
25,8,2011,2.17
26,8,2011,12.33
27,8,2011,27.22
28,8,2011,33.41
29,8,2011,5.77
30,8,2011,35.74
31,8,2011,8.04
1,9,2011,28.32
2,9,2011,10.29
3,9,2011,1.34
4,9,2011,6.47
5,9,2011,4.32
6,9,2011,53.97
7,9,2011,17.89
8,9,2011,7.41
9,9,2011,9.14
10,9,2011,6.42
11,9,2011,2.37
12,9,2011,0.0
13,9,2011,2.07
14,9,2011,2.38
15,9,2011,0.0
16,9,2011,12.66
17,9,2011,0.0
18,9,2011,0.2
19,9,2011,0.0
20,9,2011,16.45
21,9,2011,14.39
22,9,2011,0.0
23,9,2011,27.81
24,9,2011,14.13
25,9,2011,0.0
26,9,2011,0.0
27,9,2011,0.0
28,9,2011,0.0
29,9,2011,0.0
30,9,2011,0.0
1,10,2011,0.0
2,10,2011,0.0
3,10,2011,0.0
4,10,2011,0.0
5,10,2011,0.0
6,10,2011,0.0
7,10,2011,0.0
10,10,2011,1.25
13,10,2011,1.35
17,10,2011,0.0
22,10,2011,0.0
23,10,2011,0.0
24,10,2011,0.0
25,10,2011,0.0
26,10,2011,0.0
27,10,2011,0.0
28,10,2011,0.0
29,10,2011,0.0
30,10,2011,0.0
31,10,2011,0.0
1,11,2011,0.0
2,11,2011,0.0
3,11,2011,0.0
4,11,2011,0.0
5,11,2011,0.0
6,11,2011,0.0
7,11,2011,0.0
8,11,2011,0.0
9,11,2011,0.0
10,11,2011,0.0
11,11,2011,0.0
12,11,2011,0.0
13,11,2011,0.0
14,11,2011,0.0
15,11,2011,0.0
16,11,2011,0.0
17,11,2011,0.0
18,11,2011,0.0
19,11,2011,0.0
20,11,2011,0.0
21,11,2011,0.0
22,11,2011,0.0
23,11,2011,0.0
24,11,2011,0.0
25,11,2011,0.0
26,11,2011,0.0
27,11,2011,0.0
28,11,2011,0.0
29,11,2011,0.0
30,11,2011,0.0
1,12,2011,0.0
2,12,2011,0.0
3,12,2011,0.0
4,12,2011,0.0
5,12,2011,0.0
6,12,2011,0.0
7,12,2011,0.0
8,12,2011,0.0
9,12,2011,0.0
10,12,2011,0.0
11,12,2011,0.0
12,12,2011,0.0
13,12,2011,0.0
14,12,2011,0.0
15,12,2011,0.0
16,12,2011,0.0
17,12,2011,0.0
18,12,2011,0.0
19,12,2011,0.0
20,12,2011,0.0
21,12,2011,0.0
22,12,2011,0.0
23,12,2011,0.0
24,12,2011,0.0
25,12,2011,0.0
26,12,2011,0.0
27,12,2011,0.0
28,12,2011,0.0
29,12,2011,0.0
30,12,2011,0.0
31,12,2011,0.0
1,1,2012,0.0
2,1,2012,0.0
3,1,2012,0.0
4,1,2012,0.0
5,1,2012,0.0
6,1,2012,0.0
7,1,2012,0.0
8,1,2012,0.0
9,1,2012,0.0
10,1,2012,3.11
11,1,2012,0.4
12,1,2012,0.0
13,1,2012,0.0
14,1,2012,0.0
15,1,2012,0.0
16,1,2012,0.0
17,1,2012,0.0
18,1,2012,0.0
19,1,2012,0.0
20,1,2012,0.0
21,1,2012,0.0
22,1,2012,0.0
23,1,2012,0.0
24,1,2012,0.0
25,1,2012,0.0
26,1,2012,0.0
27,1,2012,0.2
28,1,2012,0.0
29,1,2012,0.0
30,1,2012,0.0
31,1,2012,0.3
1,2,2012,0.0
2,2,2012,0.0
3,2,2012,0.0
4,2,2012,0.0
5,2,2012,0.0
7,2,2012,0.0
8,2,2012,0.0
9,2,2012,0.0
10,2,2012,0.0
11,2,2012,0.0
12,2,2012,0.0
13,2,2012,0.0
14,2,2012,0.0
15,2,2012,0.0
16,2,2012,0.0
17,2,2012,0.9
18,2,2012,0.0
19,2,2012,0.0
20,2,2012,0.0
21,2,2012,0.0
22,2,2012,0.0
23,2,2012,0.0
24,2,2012,0.0
25,2,2012,0.0
26,2,2012,0.0
27,2,2012,0.0
28,2,2012,0.0
29,2,2012,0.0
1,3,2012,0.0
2,3,2012,0.0
3,3,2012,0.0
4,3,2012,0.0
5,3,2012,0.0
6,3,2012,0.0
7,3,2012,0.0
8,3,2012,0.0
9,3,2012,0.0
10,3,2012,0.0
11,3,2012,0.0
12,3,2012,0.0
13,3,2012,0.0
14,3,2012,0.0
15,3,2012,0.0
16,3,2012,0.0
17,3,2012,0.0
18,3,2012,0.0
19,3,2012,0.0
20,3,2012,0.0
21,3,2012,0.0
22,3,2012,0.0
23,3,2012,0.0
24,3,2012,0.0
25,3,2012,0.0
26,3,2012,0.0
27,3,2012,0.0
28,3,2012,0.0
29,3,2012,0.0
30,3,2012,0.0
31,3,2012,1.96
1,4,2012,0.0
2,4,2012,0.0
3,4,2012,0.0
4,4,2012,0.0
5,4,2012,0.0
6,4,2012,0.0
7,4,2012,0.0
8,4,2012,0.0
9,4,2012,1.0
10,4,2012,0.0
11,4,2012,0.0
12,4,2012,0.0
13,4,2012,0.0
14,4,2012,0.0
15,4,2012,0.0
16,4,2012,0.0
17,4,2012,0.0
18,4,2012,0.0
19,4,2012,0.0
20,4,2012,0.0
21,4,2012,0.0
22,4,2012,0.0
23,4,2012,0.79
24,4,2012,0.0
25,4,2012,0.0
26,4,2012,0.0
27,4,2012,5.09
28,4,2012,0.0
29,4,2012,0.3
30,4,2012,9.34
1,5,2012,3.5
2,5,2012,2.34
3,5,2012,0.0
4,5,2012,0.0
5,5,2012,0.0
6,5,2012,0.0
7,5,2012,0.0
8,5,2012,0.0
10,5,2012,0.0
15,5,2012,0.4
17,5,2012,0.0
18,5,2012,0.0
19,5,2012,0.0
20,5,2012,0.0
21,5,2012,0.0
22,5,2012,0.0
23,5,2012,0.0
24,5,2012,0.0
25,5,2012,0.0
26,5,2012,0.0
27,5,2012,0.0
28,5,2012,0.0
29,5,2012,0.0
30,5,2012,0.0
31,5,2012,0.0
1,6,2012,0.0
2,6,2012,0.0
3,6,2012,0.0
4,6,2012,0.0
5,6,2012,0.0
6,6,2012,0.0
7,6,2012,0.0
8,6,2012,0.0
9,6,2012,0.0
10,6,2012,0.0
11,6,2012,23.36
12,6,2012,0.0
13,6,2012,0.4
14,6,2012,0.0
15,6,2012,1.75
16,6,2012,15.76
17,6,2012,14.08
18,6,2012,0.58
19,6,2012,64.82
20,6,2012,46.03
21,6,2012,56.78
22,6,2012,25.57
23,6,2012,11.5
24,6,2012,0.0
25,6,2012,0.0
26,6,2012,0.4
27,6,2012,4.75
28,6,2012,0.0
29,6,2012,0.58
30,6,2012,0.0
1,7,2012,22.38
2,7,2012,0.21
3,7,2012,71.64
4,7,2012,12.09
5,7,2012,0.0
6,7,2012,16.5
7,7,2012,4.93
8,7,2012,7.24
9,7,2012,25.82
10,7,2012,1.59
11,7,2012,0.0
12,7,2012,0.0
13,7,2012,0.0
14,7,2012,4.19
15,7,2012,8.76
16,7,2012,1.17
17,7,2012,2.1
18,7,2012,12.26
19,7,2012,0.42
20,7,2012,0.0
21,7,2012,0.44
22,7,2012,12.64
23,7,2012,0.3
24,7,2012,0.0
25,7,2012,1.86
26,7,2012,16.11
27,7,2012,11.84
28,7,2012,2.01
29,7,2012,0.0
30,7,2012,88.66
31,7,2012,111.68
1,8,2012,0.63
2,8,2012,0.84
3,8,2012,40.91
4,8,2012,36.12
5,8,2012,17.12
6,8,2012,30.44
7,8,2012,1.68
8,8,2012,0.0
9,8,2012,0.53
10,8,2012,8.66
11,8,2012,4.13
12,8,2012,0.0
13,8,2012,0.0
14,8,2012,2.7
15,8,2012,2.92
16,8,2012,0.21
17,8,2012,9.55
18,8,2012,6.1
19,8,2012,21.95
20,8,2012,0.0
21,8,2012,0.0
22,8,2012,0.0
23,8,2012,0.0
24,8,2012,0.0
25,8,2012,3.45
26,8,2012,8.83
27,8,2012,7.64
28,8,2012,0.0
29,8,2012,0.0
30,8,2012,0.0
31,8,2012,15.98
1,9,2012,3.13
2,9,2012,0.0
3,9,2012,65.3
4,9,2012,75.59
5,9,2012,4.78
6,9,2012,2.1
7,9,2012,8.57
8,9,2012,0.0
9,9,2012,30.32
10,9,2012,5.16
11,9,2012,0.49
12,9,2012,7.83
13,9,2012,0.0
14,9,2012,1.06
15,9,2012,12.3
16,9,2012,0.0
17,9,2012,3.32
18,9,2012,18.8
19,9,2012,13.15
20,9,2012,0.0
21,9,2012,19.38
22,9,2012,0.0
23,9,2012,2.18
24,9,2012,0.73
25,9,2012,0.0
26,9,2012,0.0
27,9,2012,0.0
28,9,2012,0.0
29,9,2012,0.0
30,9,2012,6.5
1,10,2012,4.73
2,10,2012,11.59
3,10,2012,0.85
4,10,2012,6.18
5,10,2012,2.17
6,10,2012,0.0
7,10,2012,0.0
8,10,2012,0.0
9,10,2012,0.0
10,10,2012,0.0
11,10,2012,4.89
12,10,2012,0.0
13,10,2012,0.0
14,10,2012,0.0
15,10,2012,0.0
16,10,2012,0.0
17,10,2012,0.0
18,10,2012,0.0
19,10,2012,0.0
20,10,2012,0.0
21,10,2012,0.0
22,10,2012,0.0
23,10,2012,0.0
24,10,2012,0.0
25,10,2012,0.0
26,10,2012,0.0
27,10,2012,0.0
28,10,2012,0.0
29,10,2012,0.0
30,10,2012,0.0
31,10,2012,0.0
1,11,2012,0.0
2,11,2012,0.0
3,11,2012,3.85
4,11,2012,0.0
5,11,2012,0.0
6,11,2012,0.0
7,11,2012,8.93
8,11,2012,0.0
9,11,2012,0.0
10,11,2012,0.0
11,11,2012,0.0
12,11,2012,0.0
13,11,2012,0.0
14,11,2012,0.0
15,11,2012,0.0
16,11,2012,0.0
17,11,2012,0.0
18,11,2012,0.0
22,11,2012,0.0
29,11,2012,0.0
5,12,2012,0.0
6,12,2012,0.0
7,12,2012,0.0
8,12,2012,0.0
9,12,2012,0.0
11,12,2012,0.0
12,12,2012,0.0
15,12,2012,0.0
18,12,2012,0.0
19,12,2012,0.0
20,12,2012,0.0
21,12,2012,0.0
22,12,2012,0.0
23,12,2012,0.0
24,12,2012,0.0
25,12,2012,0.0
26,12,2012,0.0
27,12,2012,0.0
28,12,2012,0.0
29,12,2012,0.0
30,12,2012,0.0
31,12,2012,0.0
1,1,2013,0.0
2,1,2013,0.0
3,1,2013,0.69
4,1,2013,0.0
5,1,2013,0.0
6,1,2013,0.0
7,1,2013,0.0
8,1,2013,0.0
9,1,2013,0.0
10,1,2013,0.0
11,1,2013,0.0
12,1,2013,0.0
13,1,2013,0.0
14,1,2013,0.0
15,1,2013,0.0
16,1,2013,0.0
17,1,2013,0.0
18,1,2013,0.0
19,1,2013,0.0
20,1,2013,0.0
21,1,2013,0.0
22,1,2013,0.0
23,1,2013,0.0
24,1,2013,0.0
25,1,2013,0.0
26,1,2013,0.0
27,1,2013,0.0
28,1,2013,0.0
29,1,2013,0.0
30,1,2013,0.0
31,1,2013,0.0
1,2,2013,0.0
2,2,2013,0.0
3,2,2013,0.0
4,2,2013,0.0
5,2,2013,0.0
6,2,2013,0.0
7,2,2013,0.0
8,2,2013,0.0
9,2,2013,0.14
10,2,2013,0.0
11,2,2013,0.0
12,2,2013,0.0
13,2,2013,0.0
14,2,2013,0.0
15,2,2013,0.0
16,2,2013,0.0
17,2,2013,4.62
18,2,2013,1.43
19,2,2013,0.0
20,2,2013,0.0
21,2,2013,0.0
22,2,2013,0.0
23,2,2013,0.0
24,2,2013,0.0
25,2,2013,0.0
26,2,2013,0.0
27,2,2013,0.0
28,2,2013,0.0
1,3,2013,0.0
2,3,2013,0.0
3,3,2013,0.0
4,3,2013,0.0
5,3,2013,0.0
6,3,2013,0.0
7,3,2013,0.0
8,3,2013,0.0
9,3,2013,0.0
10,3,2013,0.0
11,3,2013,0.0
12,3,2013,0.0
13,3,2013,0.0
14,3,2013,0.0
15,3,2013,0.0
16,3,2013,0.0
17,3,2013,0.0
18,3,2013,0.0
19,3,2013,0.0
20,3,2013,0.0
21,3,2013,0.0
22,3,2013,0.0
23,3,2013,0.0
24,3,2013,0.0
25,3,2013,0.0
26,3,2013,0.0
27,3,2013,0.0
28,3,2013,0.0
29,3,2013,0.0
30,3,2013,0.0
31,3,2013,0.0
1,4,2013,0.0
2,4,2013,0.0
3,4,2013,0.0
4,4,2013,0.0
5,4,2013,0.0
6,4,2013,0.0
7,4,2013,0.0
8,4,2013,0.0
9,4,2013,0.0
10,4,2013,0.0
11,4,2013,0.0
12,4,2013,0.0
13,4,2013,0.0
14,4,2013,3.11
15,4,2013,0.33
16,4,2013,0.0
17,4,2013,0.0
18,4,2013,0.0
19,4,2013,0.0
20,4,2013,20.36
21,4,2013,10.85
25,4,2013,0.0
26,4,2013,0.0
30,4,2013,0.0
1,5,2013,0.0
2,5,2013,4.16
6,5,2013,0.33
7,5,2013,0.0
9,5,2013,0.0
10,5,2013,0.0
11,5,2013,0.0
12,5,2013,0.0
13,5,2013,0.0
14,5,2013,0.0
15,5,2013,1.3
16,5,2013,0.0
17,5,2013,0.0
18,5,2013,0.0
19,5,2013,0.0
20,5,2013,0.0
21,5,2013,0.0
22,5,2013,0.0
23,5,2013,0.0
24,5,2013,0.0
25,5,2013,0.0
26,5,2013,0.0
27,5,2013,4.45
28,5,2013,4.9
29,5,2013,0.0
30,5,2013,2.14
31,5,2013,3.93
1,6,2013,0.0
2,6,2013,2.89
3,6,2013,0.0
4,6,2013,0.0
5,6,2013,0.0
6,6,2013,34.96
7,6,2013,0.0
9,6,2013,0.0
10,6,2013,0.0
11,6,2013,0.0
13,6,2013,46.64
15,6,2013,4.05
18,6,2013,0.0
19,6,2013,0.0
20,6,2013,18.01
21,6,2013,0.44
22,6,2013,2.84
23,6,2013,5.09
24,6,2013,54.32
25,6,2013,130.65
26,6,2013,5.04
27,6,2013,0.52
28,6,2013,1.76
29,6,2013,0.0
30,6,2013,0.0
1,7,2013,4.19
2,7,2013,0.81
3,7,2013,0.0
4,7,2013,0.68
5,7,2013,35.3
6,7,2013,0.0
7,7,2013,0.69
8,7,2013,4.14
9,7,2013,4.58
10,7,2013,33.87
11,7,2013,6.12
12,7,2013,34.84
13,7,2013,0.87
14,7,2013,0.24
15,7,2013,4.47
16,7,2013,1.24
17,7,2013,0.65
18,7,2013,0.0
19,7,2013,0.0
20,7,2013,0.19
21,7,2013,29.88
22,7,2013,16.99
23,7,2013,66.71
24,7,2013,1.29
25,7,2013,8.07
26,7,2013,37.23
27,7,2013,39.27
28,7,2013,7.72
29,7,2013,7.69
30,7,2013,42.84
31,7,2013,122.59
1,8,2013,2.78
2,8,2013,6.91
3,8,2013,0.11
4,8,2013,3.92
5,8,2013,8.0
6,8,2013,8.01
7,8,2013,0.0
8,8,2013,12.83
9,8,2013,42.27
10,8,2013,5.76
11,8,2013,0.67
12,8,2013,1.57
13,8,2013,62.77
14,8,2013,1.8
15,8,2013,10.59
16,8,2013,3.57
17,8,2013,24.52
18,8,2013,10.03
19,8,2013,14.25
20,8,2013,33.52
21,8,2013,3.87
22,8,2013,0.0
23,8,2013,0.0
24,8,2013,0.0
25,8,2013,0.0
26,8,2013,0.0
27,8,2013,0.0
28,8,2013,22.12
29,8,2013,15.99
30,8,2013,0.0
31,8,2013,0.0
1,9,2013,7.08
2,9,2013,0.0
3,9,2013,2.37
4,9,2013,0.0
5,9,2013,6.18
6,9,2013,2.54
7,9,2013,23.07
8,9,2013,1.74
9,9,2013,0.55
10,9,2013,1.04
11,9,2013,0.0
12,9,2013,0.0
13,9,2013,0.0
14,9,2013,10.25
15,9,2013,2.52
16,9,2013,0.35
17,9,2013,2.88
18,9,2013,19.94
19,9,2013,1.14
20,9,2013,14.46
21,9,2013,2.02
22,9,2013,25.11
23,9,2013,0.52
24,9,2013,0.0
25,9,2013,0.0
26,9,2013,0.0
27,9,2013,4.72
28,9,2013,26.57
29,9,2013,37.33
30,9,2013,17.69
1,10,2013,44.66
2,10,2013,5.9
3,10,2013,2.27
4,10,2013,0.0
5,10,2013,1.0
6,10,2013,0.0
7,10,2013,0.0
8,10,2013,3.92
9,10,2013,1.87
10,10,2013,2.93
11,10,2013,7.21
12,10,2013,10.62
13,10,2013,54.87
14,10,2013,13.4
15,10,2013,0.0
16,10,2013,0.0
17,10,2013,0.0
18,10,2013,0.0
19,10,2013,0.0
20,10,2013,0.0
21,10,2013,0.0
22,10,2013,21.49
24,10,2013,3.48
25,10,2013,11.24
26,10,2013,2.39
27,10,2013,24.17
28,10,2013,4.83
29,10,2013,0.0
30,10,2013,0.0
31,10,2013,0.0
1,11,2013,0.0
2,11,2013,0.0
3,11,2013,0.0
4,11,2013,0.0
5,11,2013,0.0
6,11,2013,0.0
7,11,2013,0.0
8,11,2013,0.0
9,11,2013,0.0
10,11,2013,0.0
11,11,2013,0.0
12,11,2013,0.0
13,11,2013,0.0
14,11,2013,0.0
15,11,2013,0.0
16,11,2013,0.0
17,11,2013,0.0
18,11,2013,0.0
19,11,2013,0.0
20,11,2013,0.0
21,11,2013,0.0
22,11,2013,0.0
23,11,2013,0.0
24,11,2013,0.0
25,11,2013,0.0
26,11,2013,0.0
27,11,2013,0.0
28,11,2013,0.0
29,11,2013,0.0
30,11,2013,0.0
1,12,2013,0.0
2,12,2013,0.0
3,12,2013,0.0
4,12,2013,0.0
5,12,2013,0.0
7,12,2013,0.0
8,12,2013,0.0
9,12,2013,0.0
10,12,2013,0.0
11,12,2013,0.0
12,12,2013,0.0
13,12,2013,0.0
14,12,2013,0.0
16,12,2013,0.0
17,12,2013,0.0
18,12,2013,0.0
20,12,2013,0.0
21,12,2013,0.0
22,12,2013,0.0
23,12,2013,0.0
24,12,2013,0.0
25,12,2013,0.0
26,12,2013,0.0
27,12,2013,0.0
28,12,2013,0.0
29,12,2013,0.0
30,12,2013,0.0
31,12,2013,0.0
1,1,2014,0.0
2,1,2014,0.0
3,1,2014,0.0
4,1,2014,0.0
5,1,2014,0.0
6,1,2014,0.0
7,1,2014,0.0
8,1,2014,0.0
9,1,2014,0.0
10,1,2014,0.0
11,1,2014,0.0
12,1,2014,0.0
13,1,2014,0.0
14,1,2014,0.0
15,1,2014,0.0
16,1,2014,0.0
17,1,2014,0.0
18,1,2014,0.0
19,1,2014,0.0
20,1,2014,0.0
21,1,2014,0.0
22,1,2014,0.0
23,1,2014,0.0
24,1,2014,0.0
25,1,2014,0.0
26,1,2014,0.0
27,1,2014,0.0
28,1,2014,0.0
29,1,2014,0.0
30,1,2014,0.0
31,1,2014,0.0
1,2,2014,0.0
2,2,2014,0.0
3,2,2014,0.0
4,2,2014,0.0
5,2,2014,0.0
6,2,2014,0.0
7,2,2014,0.0
8,2,2014,0.0
9,2,2014,0.0
10,2,2014,0.0
11,2,2014,0.0
12,2,2014,0.0
13,2,2014,0.0
14,2,2014,0.0
15,2,2014,0.0
16,2,2014,0.0
17,2,2014,6.22
18,2,2014,0.0
19,2,2014,0.0
20,2,2014,0.0
21,2,2014,0.0
22,2,2014,0.0
23,2,2014,0.0
24,2,2014,0.0
25,2,2014,0.0
26,2,2014,0.0
27,2,2014,0.0
28,2,2014,0.0
1,3,2014,0.0
2,3,2014,0.0
3,3,2014,0.0
4,3,2014,0.0
5,3,2014,0.14
6,3,2014,0.0
7,3,2014,0.0
8,3,2014,0.0
9,3,2014,0.0
10,3,2014,0.84
11,3,2014,0.0
12,3,2014,0.0
13,3,2014,14.83
14,3,2014,0.0
15,3,2014,1.47
16,3,2014,0.0
17,3,2014,0.0
19,3,2014,5.5
21,3,2014,0.0
22,3,2014,0.0
23,3,2014,0.0
24,3,2014,0.0
25,3,2014,0.0
26,3,2014,0.0
27,3,2014,0.0
29,3,2014,0.0
30,3,2014,0.0
1,4,2014,0.0
2,4,2014,0.0
3,4,2014,0.0
4,4,2014,0.0
5,4,2014,0.0
6,4,2014,0.0
7,4,2014,0.0
8,4,2014,0.0
9,4,2014,0.7
10,4,2014,0.0
11,4,2014,0.0
12,4,2014,0.0
13,4,2014,0.0
14,4,2014,0.0
15,4,2014,0.56
16,4,2014,0.0
17,4,2014,0.28
18,4,2014,0.0
19,4,2014,0.0
20,4,2014,6.96
25,4,2014,0.0
29,4,2014,0.14
1,5,2014,0.0
3,5,2014,0.0
4,5,2014,0.0
6,5,2014,0.28
7,5,2014,0.0
8,5,2014,0.0
9,5,2014,0.51
10,5,2014,2.1
11,5,2014,1.68
12,5,2014,0.0
13,5,2014,0.0
14,5,2014,0.0
15,5,2014,0.0
16,5,2014,0.0
17,5,2014,0.0
18,5,2014,0.0
19,5,2014,0.0
20,5,2014,0.0
21,5,2014,0.0
22,5,2014,0.0
23,5,2014,0.0
24,5,2014,0.0
25,5,2014,0.0
26,5,2014,2.36
27,5,2014,217.34
28,5,2014,0.0
29,5,2014,0.0
30,5,2014,0.0
31,5,2014,0.0
1,6,2014,1.11
2,6,2014,0.0
3,6,2014,0.0
4,6,2014,0.0
5,6,2014,0.0
6,6,2014,0.0
7,6,2014,0.0
8,6,2014,0.0
9,6,2014,0.0
10,6,2014,0.0
11,6,2014,0.0
12,6,2014,0.0
13,6,2014,0.0
14,6,2014,0.0
15,6,2014,0.0
16,6,2014,0.0
17,6,2014,0.0
18,6,2014,21.75
19,6,2014,1.12
20,6,2014,12.6
21,6,2014,3.19
22,6,2014,0.0
23,6,2014,1.12
24,6,2014,0.0
25,6,2014,0.0
26,6,2014,9.58
27,6,2014,28.22
28,6,2014,0.0
29,6,2014,0.0
30,6,2014,0.0
1,7,2014,1.28
2,7,2014,0.0
3,7,2014,1.85
4,7,2014,4.18
5,7,2014,13.09
6,7,2014,0.0
7,7,2014,8.06
8,7,2014,0.81
9,7,2014,1.98
10,7,2014,0.67
11,7,2014,13.81
12,7,2014,0.0
13,7,2014,8.5
14,7,2014,30.71
15,7,2014,44.65
16,7,2014,9.59
17,7,2014,0.11
18,7,2014,5.9
19,7,2014,24.56
20,7,2014,13.72
21,7,2014,54.79
22,7,2014,93.97
23,7,2014,0.0
24,7,2014,0.67
25,7,2014,9.91
26,7,2014,12.62
27,7,2014,23.36
28,7,2014,6.13
29,7,2014,10.28
30,7,2014,44.18
31,7,2014,33.38
1,8,2014,1.31
2,8,2014,8.27
3,8,2014,60.84
4,8,2014,43.64
5,8,2014,87.09
6,8,2014,0.77
7,8,2014,0.43
8,8,2014,0.0
9,8,2014,18.78
10,8,2014,11.58
11,8,2014,6.51
12,8,2014,1.07
13,8,2014,36.23
14,8,2014,34.06
15,8,2014,8.07
16,8,2014,0.0
17,8,2014,9.41
18,8,2014,21.02
19,8,2014,2.92
20,8,2014,0.0
21,8,2014,3.63
22,8,2014,0.0
23,8,2014,6.41
24,8,2014,21.14
25,8,2014,2.86
26,8,2014,11.08
27,8,2014,8.19
28,8,2014,3.4
29,8,2014,4.02
30,8,2014,4.18
31,8,2014,2.08
1,9,2014,19.01
2,9,2014,25.19
3,9,2014,23.91
4,9,2014,6.2
5,9,2014,8.93
6,9,2014,20.83
7,9,2014,120.66
8,9,2014,2.71
9,9,2014,0.0
10,9,2014,0.87
11,9,2014,2.47
12,9,2014,1.68
13,9,2014,15.75
14,9,2014,45.47
15,9,2014,2.77
16,9,2014,14.59
17,9,2014,2.52
18,9,2014,0.0
19,9,2014,1.73
20,9,2014,15.15
21,9,2014,15.3
22,9,2014,2.36
23,9,2014,0.0
24,9,2014,0.0
25,9,2014,0.0
26,9,2014,0.0
27,9,2014,0.0
28,9,2014,0.0
29,9,2014,0.0
30,9,2014,0.0
1,10,2014,0.0
2,10,2014,0.0
3,10,2014,0.0
4,10,2014,0.0
5,10,2014,0.0
6,10,2014,0.0
7,10,2014,2.42
8,10,2014,0.0
9,10,2014,0.0
10,10,2014,0.0
11,10,2014,0.0
12,10,2014,7.26
13,10,2014,35.88
14,10,2014,6.39
15,10,2014,0.0
16,10,2014,0.0
17,10,2014,0.81
18,10,2014,0.0
19,10,2014,0.0
20,10,2014,0.0
21,10,2014,0.0
22,10,2014,4.41
23,10,2014,0.0
24,10,2014,0.0
25,10,2014,0.0
26,10,2014,0.0
27,10,2014,4.85
28,10,2014,0.0
29,10,2014,0.0
30,10,2014,0.0
31,10,2014,0.0
1,11,2014,0.0
2,11,2014,0.0
3,11,2014,0.0
4,11,2014,0.0
5,11,2014,0.0
6,11,2014,0.0
7,11,2014,0.0
8,11,2014,0.0
9,11,2014,0.0
10,11,2014,0.0
11,11,2014,0.0
12,11,2014,0.0
13,11,2014,0.0
14,11,2014,0.0
15,11,2014,0.0
16,11,2014,0.0
17,11,2014,0.0
18,11,2014,0.0
19,11,2014,0.0
20,11,2014,0.0
21,11,2014,0.0
22,11,2014,0.0
23,11,2014,0.0
24,11,2014,0.0
25,11,2014,0.0
26,11,2014,0.0
27,11,2014,0.0
28,11,2014,0.0
29,11,2014,0.0
30,11,2014,0.0
1,12,2014,0.0
2,12,2014,0.0
3,12,2014,0.0
4,12,2014,0.0
5,12,2014,0.0
6,12,2014,0.0
7,12,2014,0.0
8,12,2014,0.0
9,12,2014,0.0
10,12,2014,0.0
11,12,2014,0.0
12,12,2014,0.0
13,12,2014,0.0
14,12,2014,0.0
15,12,2014,0.0
16,12,2014,0.0
17,12,2014,0.0
18,12,2014,0.0
19,12,2014,0.0
20,12,2014,0.0
21,12,2014,0.0
22,12,2014,0.0
23,12,2014,0.0
24,12,2014,0.0
25,12,2014,0.0
26,12,2014,0.0
27,12,2014,0.0
28,12,2014,0.0
29,12,2014,0.0
30,12,2014,0.0
31,12,2014,0.0
1,1,2015,0.0
2,1,2015,0.92
3,1,2015,0.0
4,1,2015,26.76
5,1,2015,0.0
6,1,2015,0.0
7,1,2015,0.0
8,1,2015,0.0
9,1,2015,0.0
10,1,2015,0.0
11,1,2015,0.0
12,1,2015,0.0
13,1,2015,0.0
14,1,2015,0.0
15,1,2015,0.0
16,1,2015,0.0
17,1,2015,0.0
18,1,2015,0.0
19,1,2015,0.0
20,1,2015,0.0
21,1,2015,0.0
22,1,2015,0.0
23,1,2015,0.0
24,1,2015,0.0
25,1,2015,0.0
26,1,2015,0.0
27,1,2015,0.0
28,1,2015,0.0
29,1,2015,0.0
30,1,2015,0.0
31,1,2015,0.0
1,2,2015,0.0
2,2,2015,0.0
3,2,2015,0.0
4,2,2015,0.0
5,2,2015,0.0
6,2,2015,0.0
7,2,2015,0.0
8,2,2015,0.0
9,2,2015,0.0
10,2,2015,0.0
11,2,2015,0.0
12,2,2015,0.0
13,2,2015,0.1
14,2,2015,0.0
15,2,2015,0.0
16,2,2015,0.0
17,2,2015,0.0
18,2,2015,0.0
19,2,2015,0.0
20,2,2015,0.0
21,2,2015,0.0
22,2,2015,0.0
23,2,2015,0.0
24,2,2015,0.0
25,2,2015,0.0
26,2,2015,0.0
27,2,2015,0.0
28,2,2015,0.0
1,3,2015,0.0
2,3,2015,0.0
3,3,2015,0.0
4,3,2015,2.52
5,3,2015,0.0
6,3,2015,0.0
7,3,2015,0.0
8,3,2015,0.0
9,3,2015,0.0
10,3,2015,0.0
11,3,2015,0.0
12,3,2015,0.0
13,3,2015,0.0
14,3,2015,0.0
15,3,2015,0.0
16,3,2015,0.0
17,3,2015,0.0
18,3,2015,0.0
19,3,2015,0.0
20,3,2015,0.0
21,3,2015,0.0
22,3,2015,0.0
23,3,2015,0.0
24,3,2015,0.0
25,3,2015,0.0
26,3,2015,0.0
27,3,2015,0.0
28,3,2015,2.25
29,3,2015,0.0
30,3,2015,0.0
31,3,2015,0.0
1,4,2015,0.0
2,4,2015,0.0
3,4,2015,0.0
4,4,2015,0.0
5,4,2015,0.0
6,4,2015,0.0
7,4,2015,0.0
8,4,2015,3.5
9,4,2015,0.82
10,4,2015,1.26
11,4,2015,1.12
12,4,2015,0.84
13,4,2015,2.48
14,4,2015,9.55
15,4,2015,12.79
16,4,2015,0.0
17,4,2015,0.17
18,4,2015,0.0
19,4,2015,0.0
20,4,2015,0.0
21,4,2015,0.0
22,4,2015,0.0
23,4,2015,0.0
24,4,2015,17.41
25,4,2015,0.0
26,4,2015,14.16
27,4,2015,0.0
28,4,2015,0.0
29,4,2015,3.56
30,4,2015,0.0
1,5,2015,0.0
2,5,2015,0.0
3,5,2015,0.0
4,5,2015,0.0
5,5,2015,0.0
6,5,2015,3.37
7,5,2015,1.12
8,5,2015,0.0
9,5,2015,0.0
10,5,2015,0.0
11,5,2015,0.0
12,5,2015,0.0
13,5,2015,0.0
14,5,2015,11.95
15,5,2015,0.0
16,5,2015,2.73
17,5,2015,0.0
18,5,2015,0.0
19,5,2015,0.0
20,5,2015,0.0
21,5,2015,0.0
22,5,2015,0.0
23,5,2015,0.0
24,5,2015,0.0
25,5,2015,0.0
26,5,2015,0.0
27,5,2015,0.0
28,5,2015,0.0
29,5,2015,0.0
30,5,2015,0.0
31,5,2015,0.0
1,6,2015,6.97
2,6,2015,0.0
3,6,2015,17.41
4,6,2015,21.52
5,6,2015,0.24
6,6,2015,23.19
7,6,2015,3.01
8,6,2015,0.0
9,6,2015,0.0
10,6,2015,0.0
11,6,2015,0.0
12,6,2015,29.64
13,6,2015,0.0
14,6,2015,2.99
15,6,2015,4.66
16,6,2015,0.0
17,6,2015,16.29
18,6,2015,0.0
19,6,2015,5.71
20,6,2015,3.7
21,6,2015,23.54
22,6,2015,39.07
23,6,2015,10.37
24,6,2015,0.0
25,6,2015,0.0
26,6,2015,0.0
27,6,2015,0.41
28,6,2015,0.0
29,6,2015,20.29
30,6,2015,16.38
1,7,2015,10.91
2,7,2015,5.83
3,7,2015,16.68
4,7,2015,0.14
5,7,2015,0.0
6,7,2015,0.0
7,7,2015,0.0
8,7,2015,0.0
9,7,2015,27.28
10,7,2015,32.01
11,7,2015,34.87
12,7,2015,5.22
13,7,2015,11.95
14,7,2015,10.32
15,7,2015,28.3
16,7,2015,22.31
17,7,2015,22.51
18,7,2015,3.8
19,7,2015,7.84
20,7,2015,27.45
21,7,2015,0.0
22,7,2015,9.98
23,7,2015,17.85
24,7,2015,2.35
25,7,2015,12.05
26,7,2015,6.0
27,7,2015,7.06
28,7,2015,1.22
29,7,2015,0.33
30,7,2015,0.0
31,7,2015,1.19
1,8,2015,2.9
2,8,2015,6.58
3,8,2015,0.55
4,8,2015,3.56
5,8,2015,0.6
6,8,2015,0.28
7,8,2015,0.0
8,8,2015,0.56
9,8,2015,0.0
10,8,2015,6.29
11,8,2015,1.42
12,8,2015,15.06
13,8,2015,16.23
14,8,2015,0.69
15,8,2015,2.01
16,8,2015,0.0
17,8,2015,11.92
18,8,2015,0.89
19,8,2015,5.32
20,8,2015,18.13
21,8,2015,0.0
22,8,2015,9.74
23,8,2015,0.0
24,8,2015,3.18
25,8,2015,0.0
26,8,2015,1.93
27,8,2015,66.28
28,8,2015,18.38
29,8,2015,31.16
30,8,2015,2.72
31,8,2015,2.12
1,9,2015,3.91
2,9,2015,10.72
3,9,2015,7.42
4,9,2015,0.0
5,9,2015,0.0
6,9,2015,0.0
7,9,2015,2.87
8,9,2015,0.0
9,9,2015,0.0
10,9,2015,0.0
11,9,2015,5.64
12,9,2015,25.89
13,9,2015,5.46
14,9,2015,1.85
15,9,2015,29.78
16,9,2015,89.41
17,9,2015,34.21
18,9,2015,1.71
19,9,2015,1.49
20,9,2015,44.18
21,9,2015,17.18
22,9,2015,0.0
23,9,2015,0.0
24,9,2015,0.0
25,9,2015,0.0
26,9,2015,0.0
27,9,2015,0.0
28,9,2015,0.0
29,9,2015,0.0
30,9,2015,0.0
1,10,2015,0.0
2,10,2015,1.06
3,10,2015,0.0
4,10,2015,0.68
5,10,2015,13.0
7,10,2015,0.0
8,10,2015,0.0
9,10,2015,0.0
10,10,2015,0.0
11,10,2015,0.0
12,10,2015,0.0
13,10,2015,0.0
14,10,2015,1.25
15,10,2015,1.3
16,10,2015,0.0
18,10,2015,0.0
19,10,2015,0.0
20,10,2015,0.0
21,10,2015,0.0
22,10,2015,0.0
23,10,2015,0.0
24,10,2015,0.0
25,10,2015,0.0
26,10,2015,0.0
27,10,2015,0.0
28,10,2015,0.0
31,10,2015,0.0
1,11,2015,0.0
3,11,2015,0.0
4,11,2015,0.0
5,11,2015,0.0
6,11,2015,0.0
7,11,2015,0.0
8,11,2015,0.0
9,11,2015,0.0
10,11,2015,0.0
11,11,2015,0.0
12,11,2015,0.0
13,11,2015,0.0
14,11,2015,0.0
15,11,2015,0.0
16,11,2015,0.0
17,11,2015,0.0
18,11,2015,0.0
19,11,2015,0.0
20,11,2015,0.0
22,11,2015,0.0
23,11,2015,0.0
24,11,2015,0.0
25,11,2015,0.0
26,11,2015,0.0
27,11,2015,0.0
28,11,2015,0.0
29,11,2015,0.0
30,11,2015,0.0
1,12,2015,0.0
2,12,2015,0.0
4,12,2015,0.0
5,12,2015,0.0
6,12,2015,0.0
8,12,2015,0.0
11,12,2015,0.0
15,12,2015,8.76
19,12,2015,0.0
21,12,2015,0.0
22,12,2015,0.0
23,12,2015,0.0
25,12,2015,0.0
26,12,2015,0.0
27,12,2015,0.0
29,12,2015,0.0
30,12,2015,0.0
31,12,2015,0.0
1,1,2016,0.0
2,1,2016,0.0
4,1,2016,0.0
5,1,2016,0.0
7,1,2016,0.0
8,1,2016,0.0
9,1,2016,0.0
10,1,2016,0.0
11,1,2016,0.0
12,1,2016,0.0
13,1,2016,0.0
14,1,2016,0.0
15,1,2016,0.0
16,1,2016,0.0
17,1,2016,0.0
18,1,2016,0.0
19,1,2016,0.0
20,1,2016,0.0
21,1,2016,0.0
22,1,2016,0.0
23,1,2016,0.0
24,1,2016,0.0
25,1,2016,0.0
26,1,2016,0.0
27,1,2016,0.0
28,1,2016,0.0
29,1,2016,0.0
30,1,2016,0.0
31,1,2016,0.0
1,2,2016,0.0
2,2,2016,0.0
3,2,2016,0.0
4,2,2016,0.0
5,2,2016,0.0
6,2,2016,0.0
7,2,2016,0.0
8,2,2016,0.0
9,2,2016,0.0
10,2,2016,0.0
11,2,2016,0.0
12,2,2016,0.0
13,2,2016,0.0
14,2,2016,0.0
15,2,2016,0.0
16,2,2016,0.0
17,2,2016,0.0
18,2,2016,0.0
19,2,2016,0.0
20,2,2016,0.0
21,2,2016,0.0
22,2,2016,0.0
23,2,2016,0.0
24,2,2016,0.0
25,2,2016,0.0
26,2,2016,0.0
27,2,2016,1.5
28,2,2016,0.0
29,2,2016,0.0
1,3,2016,0.0
2,3,2016,0.0
3,3,2016,0.0
4,3,2016,0.0
5,3,2016,0.0
6,3,2016,0.0
7,3,2016,0.0
8,3,2016,0.0
9,3,2016,0.0
10,3,2016,0.0
11,3,2016,0.0
12,3,2016,0.0
13,3,2016,0.0
14,3,2016,0.0
15,3,2016,0.98
16,3,2016,6.68
17,3,2016,0.0
18,3,2016,0.0
19,3,2016,0.7
20,3,2016,0.0
21,3,2016,0.0
22,3,2016,0.0
23,3,2016,0.0
24,3,2016,0.0
25,3,2016,0.0
26,3,2016,0.0
27,3,2016,0.0
28,3,2016,0.0
29,3,2016,0.0
30,3,2016,0.0
31,3,2016,0.0
1,4,2016,0.35
2,4,2016,0.0
3,4,2016,0.0
4,4,2016,0.0
5,4,2016,0.0
6,4,2016,0.0
7,4,2016,0.0
8,4,2016,0.35
9,4,2016,0.0
10,4,2016,0.0
11,4,2016,0.0
12,4,2016,0.0
13,4,2016,0.0
14,4,2016,0.0
15,4,2016,0.0
16,4,2016,0.0
17,4,2016,0.0
18,4,2016,0.0
19,4,2016,1.47
20,4,2016,0.0
21,4,2016,0.0
22,4,2016,0.0
23,4,2016,0.0
24,4,2016,0.0
25,4,2016,0.0
26,4,2016,0.0
27,4,2016,4.66
28,4,2016,0.0
29,4,2016,0.0
30,4,2016,0.62
1,5,2016,0.0
2,5,2016,0.0
3,5,2016,0.0
4,5,2016,0.8
5,5,2016,3.35
6,5,2016,0.0
7,5,2016,0.0
8,5,2016,0.0
9,5,2016,0.0
10,5,2016,0.0
11,5,2016,0.0
12,5,2016,0.0
13,5,2016,0.0
14,5,2016,3.92
15,5,2016,0.35
16,5,2016,0.0
17,5,2016,0.0
18,5,2016,0.0
19,5,2016,0.0
20,5,2016,0.0
21,5,2016,0.0
22,5,2016,0.0
23,5,2016,0.0
24,5,2016,0.0
25,5,2016,0.0
26,5,2016,1.82
27,5,2016,0.0
28,5,2016,0.0
29,5,2016,0.0
30,5,2016,0.73
31,5,2016,0.0
1,6,2016,0.0
2,6,2016,0.0
3,6,2016,0.0
4,6,2016,2.05
5,6,2016,0.0
6,6,2016,0.0
7,6,2016,3.57
8,6,2016,0.0
9,6,2016,12.06
10,6,2016,0.0
11,6,2016,0.0
12,6,2016,20.75
13,6,2016,0.0
14,6,2016,0.0
15,6,2016,0.0
16,6,2016,0.0
17,6,2016,8.97
18,6,2016,0.17
19,6,2016,0.0
20,6,2016,0.74
21,6,2016,0.0
22,6,2016,0.0
23,6,2016,0.0
24,6,2016,45.26
25,6,2016,0.8
26,6,2016,0.0
27,6,2016,0.0
28,6,2016,5.95
29,6,2016,3.66
30,6,2016,7.83
1,7,2016,0.2
2,7,2016,28.75
3,7,2016,5.2
4,7,2016,5.48
5,7,2016,2.41
6,7,2016,0.0
7,7,2016,3.12
8,7,2016,14.27
9,7,2016,33.08
10,7,2016,23.08
11,7,2016,13.29
12,7,2016,0.67
13,7,2016,0.0
14,7,2016,0.4
15,7,2016,0.0
16,7,2016,42.15
17,7,2016,2.03
18,7,2016,24.58
19,7,2016,0.0
20,7,2016,2.49
21,7,2016,8.2
22,7,2016,2.36
23,7,2016,0.0
24,7,2016,3.0
25,7,2016,0.0
26,7,2016,3.74
27,7,2016,13.68
28,7,2016,0.0
29,7,2016,9.62
30,7,2016,1.95
31,7,2016,2.29
1,8,2016,1.5
2,8,2016,6.34
3,8,2016,0.42
4,8,2016,24.53
5,8,2016,42.42
6,8,2016,32.51
7,8,2016,11.21
8,8,2016,13.17
9,8,2016,1.0
10,8,2016,26.75
11,8,2016,20.17
12,8,2016,11.8
13,8,2016,0.0
14,8,2016,1.12
15,8,2016,0.0
16,8,2016,1.05
17,8,2016,4.42
18,8,2016,1.85
19,8,2016,0.0
20,8,2016,0.0
21,8,2016,0.14
22,8,2016,0.0
23,8,2016,0.0
24,8,2016,8.18
25,8,2016,20.37
26,8,2016,1.36
27,8,2016,4.15
28,8,2016,0.0
29,8,2016,0.0
30,8,2016,0.0
31,8,2016,1.4
1,9,2016,0.0
2,9,2016,4.05
3,9,2016,53.54
4,9,2016,55.17
5,9,2016,20.36
6,9,2016,5.61
7,9,2016,0.0
8,9,2016,24.29
9,9,2016,6.36
10,9,2016,24.1
11,9,2016,4.08
12,9,2016,9.83
13,9,2016,12.29
14,9,2016,18.54
15,9,2016,4.39
16,9,2016,1.75
17,9,2016,0.0
18,9,2016,0.0
19,9,2016,38.43
20,9,2016,12.8
21,9,2016,0.0
22,9,2016,11.37
23,9,2016,0.17
24,9,2016,0.0
25,9,2016,0.0
26,9,2016,7.89
27,9,2016,16.52
28,9,2016,2.0
29,9,2016,25.8
30,9,2016,4.1
1,10,2016,1.5
2,10,2016,4.39
3,10,2016,4.38
4,10,2016,4.78
5,10,2016,0.0
6,10,2016,2.94
7,10,2016,29.79
8,10,2016,0.88
9,10,2016,90.28
10,10,2016,12.69
11,10,2016,0.73
12,10,2016,0.0
13,10,2016,0.0
14,10,2016,0.0
15,10,2016,0.0
16,10,2016,0.0
17,10,2016,0.0
18,10,2016,0.0
19,10,2016,0.0
20,10,2016,0.0
21,10,2016,0.0
22,10,2016,0.0
23,10,2016,0.0
24,10,2016,0.0
25,10,2016,0.0
26,10,2016,0.0
27,10,2016,0.0
28,10,2016,0.0
29,10,2016,0.0
30,10,2016,0.0
31,10,2016,0.0
1,11,2016,0.0
2,11,2016,0.0
3,11,2016,0.0
4,11,2016,0.0
5,11,2016,0.0
6,11,2016,0.0
7,11,2016,0.0
8,11,2016,0.0
9,11,2016,0.0
10,11,2016,0.0
11,11,2016,0.0
12,11,2016,0.0
13,11,2016,0.0
14,11,2016,0.0
15,11,2016,0.0
16,11,2016,0.0
17,11,2016,0.0
18,11,2016,0.0
19,11,2016,0.0
20,11,2016,0.0
21,11,2016,0.0
22,11,2016,0.0
23,11,2016,0.0
24,11,2016,0.0
25,11,2016,0.0
26,11,2016,0.0
27,11,2016,0.0
28,11,2016,0.0
29,11,2016,0.0
30,11,2016,0.0
1,12,2016,0.0
2,12,2016,0.0
3,12,2016,0.0
4,12,2016,0.0
5,12,2016,0.0
6,12,2016,0.0
7,12,2016,0.0
8,12,2016,0.0
9,12,2016,0.0
10,12,2016,0.0
11,12,2016,0.0
12,12,2016,0.0
13,12,2016,0.0
14,12,2016,0.0
15,12,2016,0.0
16,12,2016,0.0
17,12,2016,0.0
18,12,2016,0.0
19,12,2016,0.0
20,12,2016,0.0
21,12,2016,0.0
22,12,2016,0.0
23,12,2016,0.0
24,12,2016,0.0
25,12,2016,0.0
26,12,2016,0.0
27,12,2016,0.0
28,12,2016,0.0
29,12,2016,0.0
30,12,2016,0.0
31,12,2016,0.0
1,1,2017,0.0
2,1,2017,0.0
3,1,2017,0.0
4,1,2017,0.0
5,1,2017,0.0
6,1,2017,0.0
7,1,2017,0.0
8,1,2017,0.0
9,1,2017,0.0
10,1,2017,0.0
11,1,2017,0.0
12,1,2017,0.0
13,1,2017,0.0
14,1,2017,0.0
15,1,2017,0.0
16,1,2017,0.0
17,1,2017,0.0
18,1,2017,0.0
19,1,2017,0.0
20,1,2017,0.0
21,1,2017,0.0
22,1,2017,0.0
23,1,2017,0.0
24,1,2017,0.0
25,1,2017,0.0
26,1,2017,0.0
27,1,2017,0.0
28,1,2017,0.0
29,1,2017,0.0
30,1,2017,0.0
31,1,2017,0.0
1,2,2017,0.0
2,2,2017,0.0
3,2,2017,0.0
4,2,2017,0.0
5,2,2017,0.0
6,2,2017,0.0
7,2,2017,0.0
8,2,2017,0.0
9,2,2017,0.0
10,2,2017,0.0
11,2,2017,0.0
12,2,2017,0.0
13,2,2017,0.0
14,2,2017,0.0
15,2,2017,0.0
16,2,2017,0.0
17,2,2017,0.0
18,2,2017,0.0
19,2,2017,0.0
20,2,2017,0.0
21,2,2017,0.0
22,2,2017,0.0
23,2,2017,0.0
24,2,2017,0.0
25,2,2017,0.0
26,2,2017,0.0
27,2,2017,0.0
28,2,2017,0.0
1,3,2017,0.0
2,3,2017,0.0
3,3,2017,0.0
4,3,2017,0.0
5,3,2017,0.0
6,3,2017,0.0
7,3,2017,0.0
8,3,2017,5.99
9,3,2017,2.65
10,3,2017,0.0
11,3,2017,1.06
12,3,2017,0.0
13,3,2017,0.0
14,3,2017,0.0
15,3,2017,0.0
16,3,2017,0.0
17,3,2017,0.0
18,3,2017,0.0
19,3,2017,0.0
20,3,2017,0.0
21,3,2017,0.0
22,3,2017,0.0
23,3,2017,0.0
24,3,2017,0.0
25,3,2017,0.0
26,3,2017,0.0
27,3,2017,0.0
28,3,2017,0.0
29,3,2017,0.0
30,3,2017,0.0
31,3,2017,0.0
1,4,2017,0.0
2,4,2017,0.0
3,4,2017,3.98
4,4,2017,0.0
5,4,2017,0.0
6,4,2017,0.0
7,4,2017,0.0
8,4,2017,0.0
9,4,2017,0.0
10,4,2017,0.0
11,4,2017,0.0
12,4,2017,0.0
13,4,2017,0.0
14,4,2017,0.0
15,4,2017,0.0
16,4,2017,0.0
17,4,2017,0.0
18,4,2017,0.0
19,4,2017,0.0
20,4,2017,0.16
21,4,2017,0.0
22,4,2017,0.59
23,4,2017,0.0
24,4,2017,0.0
25,4,2017,0.0
26,4,2017,0.0
27,4,2017,0.0
28,4,2017,0.0
29,4,2017,0.0
30,4,2017,0.0
1,5,2017,0.0
2,5,2017,0.0
3,5,2017,0.0
4,5,2017,0.0
5,5,2017,0.0
6,5,2017,0.35
7,5,2017,0.0
8,5,2017,0.0
9,5,2017,0.0
10,5,2017,0.0
11,5,2017,0.0
12,5,2017,0.0
13,5,2017,0.0
14,5,2017,0.0
15,5,2017,0.0
16,5,2017,0.0
17,5,2017,0.0
18,5,2017,0.0
19,5,2017,0.0
20,5,2017,0.0
21,5,2017,0.0
22,5,2017,0.0
23,5,2017,0.0
24,5,2017,0.0
25,5,2017,0.0
26,5,2017,0.0
27,5,2017,0.0
28,5,2017,4.55
29,5,2017,2.19
30,5,2017,0.0
31,5,2017,0.11
1,6,2017,0.0
2,6,2017,0.56
3,6,2017,0.0
4,6,2017,0.0
5,6,2017,0.0
6,6,2017,1.71
7,6,2017,0.0
8,6,2017,26.4
9,6,2017,0.0
10,6,2017,0.0
11,6,2017,3.94
12,6,2017,1.4
13,6,2017,11.16
14,6,2017,0.0
15,6,2017,0.0
16,6,2017,17.81
17,6,2017,0.0
18,6,2017,0.0
19,6,2017,8.26
20,6,2017,0.73
21,6,2017,23.94
22,6,2017,4.21
23,6,2017,3.68
24,6,2017,0.0
25,6,2017,1.27
26,6,2017,7.1
27,6,2017,7.82
28,6,2017,0.2
29,6,2017,0.0
30,6,2017,0.0
1,7,2017,25.08
2,7,2017,3.0
3,7,2017,1.01
4,7,2017,0.73
5,7,2017,1.66
6,7,2017,0.0
7,7,2017,0.0
8,7,2017,0.0
9,7,2017,0.0
10,7,2017,7.64
11,7,2017,20.36
12,7,2017,10.17
13,7,2017,10.48
14,7,2017,0.71
15,7,2017,3.81
16,7,2017,8.21
17,7,2017,23.99
18,7,2017,29.52
19,7,2017,23.83
20,7,2017,5.67
21,7,2017,0.0
22,7,2017,0.0
23,7,2017,0.44
24,7,2017,1.12
25,7,2017,2.8
26,7,2017,1.78
27,7,2017,5.16
28,7,2017,4.25
29,7,2017,0.3
30,7,2017,0.0
31,7,2017,2.44
1,8,2017,4.5
2,8,2017,3.4
3,8,2017,7.34
4,8,2017,0.0
5,8,2017,2.3
6,8,2017,18.78
7,8,2017,0.0
8,8,2017,5.86
9,8,2017,2.31
10,8,2017,1.95
11,8,2017,2.3
12,8,2017,0.0
13,8,2017,15.81
14,8,2017,13.08
15,8,2017,0.14
16,8,2017,3.7
17,8,2017,13.19
18,8,2017,30.07
19,8,2017,10.63
20,8,2017,1.51
21,8,2017,2.15
22,8,2017,0.59
23,8,2017,0.59
24,8,2017,32.31
25,8,2017,0.0
26,8,2017,2.31
27,8,2017,3.7
28,8,2017,44.41
29,8,2017,18.74
30,8,2017,2.72
31,8,2017,0.0
1,9,2017,5.76
2,9,2017,4.81
3,9,2017,0.0
4,9,2017,0.0
5,9,2017,0.0
6,9,2017,0.0
7,9,2017,7.46
8,9,2017,0.0
9,9,2017,1.05
10,9,2017,5.59
11,9,2017,0.0
12,9,2017,0.0
13,9,2017,1.1
14,9,2017,6.58
15,9,2017,1.02
16,9,2017,0.4
17,9,2017,46.83
18,9,2017,0.54
19,9,2017,8.39
20,9,2017,39.12
21,9,2017,0.0
22,9,2017,0.0
23,9,2017,0.0
24,9,2017,0.0
25,9,2017,0.74
26,9,2017,0.0
27,9,2017,0.13
28,9,2017,0.0
29,9,2017,25.01
30,9,2017,1.66
1,10,2017,1.6
2,10,2017,7.41
3,10,2017,9.6
4,10,2017,1.85
5,10,2017,3.93
6,10,2017,7.79
7,10,2017,21.53
8,10,2017,4.88
9,10,2017,18.7
10,10,2017,6.13
11,10,2017,0.28
12,10,2017,0.0
13,10,2017,0.0
14,10,2017,0.0
15,10,2017,0.0
16,10,2017,0.0
17,10,2017,0.0
18,10,2017,0.0
19,10,2017,0.0
20,10,2017,7.17
21,10,2017,0.35
22,10,2017,0.0
23,10,2017,0.0
24,10,2017,0.0
25,10,2017,0.0
26,10,2017,0.0
27,10,2017,0.0
28,10,2017,0.0
29,10,2017,0.0
30,10,2017,0.0
31,10,2017,0.0
1,11,2017,0.0
2,11,2017,0.0
3,11,2017,0.0
4,11,2017,0.0
5,11,2017,0.0
6,11,2017,0.0
7,11,2017,0.0
8,11,2017,0.0
9,11,2017,0.0
10,11,2017,0.0
11,11,2017,0.0
12,11,2017,0.0
13,11,2017,0.0
14,11,2017,0.0
15,11,2017,0.0
16,11,2017,0.0
17,11,2017,0.0
18,11,2017,0.0
19,11,2017,0.0
20,11,2017,0.0
21,11,2017,0.0
22,11,2017,0.0
23,11,2017,0.0
24,11,2017,0.0
25,11,2017,0.0
26,11,2017,0.0
27,11,2017,0.0
28,11,2017,0.0
29,11,2017,0.0
30,11,2017,0.0
1,12,2017,0.0
2,12,2017,0.0
3,12,2017,0.0
4,12,2017,0.0
5,12,2017,0.0
6,12,2017,0.0
7,12,2017,0.0
8,12,2017,0.0
9,12,2017,0.0
10,12,2017,0.0
11,12,2017,0.0
12,12,2017,0.0
13,12,2017,0.0
14,12,2017,0.0
15,12,2017,0.0
16,12,2017,0.0
17,12,2017,0.0
18,12,2017,0.0
19,12,2017,0.0
20,12,2017,0.0
21,12,2017,0.0
22,12,2017,0.0
23,12,2017,0.0
24,12,2017,0.0
25,12,2017,0.0
26,12,2017,0.0
27,12,2017,0.0
28,12,2017,0.0
29,12,2017,0.0
30,12,2017,0.0
31,12,2017,0.0
1,1,2018,0.0
2,1,2018,0.0
3,1,2018,0.0
4,1,2018,0.0
5,1,2018,0.0
6,1,2018,0.0
7,1,2018,0.0
8,1,2018,0.0
9,1,2018,0.0
10,1,2018,0.0
11,1,2018,0.0
12,1,2018,0.0
13,1,2018,0.0
14,1,2018,0.0
15,1,2018,0.0
16,1,2018,0.0
17,1,2018,0.0
18,1,2018,0.0
19,1,2018,0.0
20,1,2018,0.0
21,1,2018,0.0
22,1,2018,0.0
23,1,2018,0.0
24,1,2018,0.0
25,1,2018,0.0
26,1,2018,0.0
27,1,2018,0.0
28,1,2018,0.0
29,1,2018,0.0
30,1,2018,0.0
31,1,2018,0.0
1,2,2018,0.0
2,2,2018,0.0
3,2,2018,0.0
4,2,2018,0.0
5,2,2018,0.0
6,2,2018,0.0
7,2,2018,0.0
8,2,2018,0.0
9,2,2018,0.0
10,2,2018,0.0
11,2,2018,0.0
12,2,2018,1.6
13,2,2018,0.0
14,2,2018,0.0
15,2,2018,0.0
16,2,2018,0.0
17,2,2018,0.0
18,2,2018,0.0
19,2,2018,0.0
20,2,2018,0.0
21,2,2018,0.0
22,2,2018,0.0
23,2,2018,0.0
24,2,2018,0.0
25,2,2018,0.0
26,2,2018,0.0
27,2,2018,0.0
28,2,2018,0.0
1,3,2018,0.0
2,3,2018,0.0
3,3,2018,0.0
4,3,2018,0.0
5,3,2018,0.0
6,3,2018,0.0
7,3,2018,0.0
8,3,2018,0.0
9,3,2018,0.0
10,3,2018,0.0
11,3,2018,0.0
12,3,2018,0.0
13,3,2018,0.0
14,3,2018,0.0
15,3,2018,0.0
16,3,2018,0.0
17,3,2018,0.47
18,3,2018,0.0
19,3,2018,0.0
20,3,2018,0.0
21,3,2018,0.0
22,3,2018,0.0
23,3,2018,0.0
24,3,2018,0.0
25,3,2018,0.0
26,3,2018,0.0
27,3,2018,0.0
28,3,2018,0.0
29,3,2018,0.0
30,3,2018,0.0
31,3,2018,0.0
1,4,2018,0.0
2,4,2018,3.36
3,4,2018,0.0
4,4,2018,0.0
5,4,2018,0.73
6,4,2018,0.0
7,4,2018,0.0
8,4,2018,2.16
9,4,2018,0.0
10,4,2018,1.98
11,4,2018,0.0
12,4,2018,0.0
13,4,2018,3.5
14,4,2018,0.0
15,4,2018,0.0
16,4,2018,4.66
17,4,2018,0.0
18,4,2018,0.0
19,4,2018,0.0
20,4,2018,0.0
21,4,2018,5.73
22,4,2018,0.0
23,4,2018,0.0
24,4,2018,3.68
25,4,2018,0.0
26,4,2018,0.0
27,4,2018,0.0
28,4,2018,0.0
29,4,2018,4.95
30,4,2018,6.97
1,5,2018,0.0
2,5,2018,0.0
3,5,2018,5.44
4,5,2018,9.91
5,5,2018,0.0
6,5,2018,0.0
7,5,2018,0.0
8,5,2018,0.0
9,5,2018,0.0
10,5,2018,0.0
11,5,2018,0.76
12,5,2018,0.0
13,5,2018,0.0
14,5,2018,0.0
15,5,2018,0.0
16,5,2018,0.0
17,5,2018,0.0
18,5,2018,0.68
19,5,2018,0.81
20,5,2018,0.0
21,5,2018,11.25
22,5,2018,0.27
23,5,2018,0.0
24,5,2018,0.0
25,5,2018,0.0
26,5,2018,0.0
27,5,2018,0.0
28,5,2018,0.0
29,5,2018,0.0
30,5,2018,0.0
31,5,2018,11.27
1,6,2018,0.0
2,6,2018,0.0
3,6,2018,1.74
4,6,2018,3.64
5,6,2018,0.0
6,6,2018,2.59
7,6,2018,5.94
8,6,2018,0.0
9,6,2018,5.43
10,6,2018,0.71
11,6,2018,1.76
12,6,2018,15.67
13,6,2018,2.54
14,6,2018,0.91
15,6,2018,0.0
16,6,2018,0.0
17,6,2018,2.24
18,6,2018,0.87
19,6,2018,0.0
20,6,2018,2.1
21,6,2018,4.97
22,6,2018,22.2
23,6,2018,0.0
24,6,2018,0.0
25,6,2018,0.0
26,6,2018,0.0
27,6,2018,1.04
28,6,2018,9.31
29,6,2018,0.24
30,6,2018,0.0
1,7,2018,2.75
2,7,2018,28.69
3,7,2018,23.28
4,7,2018,0.87
5,7,2018,3.92
6,7,2018,0.0
7,7,2018,0.0
8,7,2018,4.42
9,7,2018,4.42
10,7,2018,8.32
11,7,2018,1.71
12,7,2018,1.56
13,7,2018,32.61
14,7,2018,11.88
15,7,2018,31.59
16,7,2018,73.4
17,7,2018,13.34
18,7,2018,0.0
19,7,2018,10.72
20,7,2018,3.25
21,7,2018,104.8
22,7,2018,36.96
23,7,2018,7.3
24,7,2018,0.0
25,7,2018,0.0
26,7,2018,0.0
27,7,2018,0.18
28,7,2018,0.91
29,7,2018,0.0
30,7,2018,13.07
31,7,2018,3.63
1,8,2018,4.51
2,8,2018,0.0
3,8,2018,0.0
4,8,2018,1.71
5,8,2018,0.0
6,8,2018,0.0
7,8,2018,2.98
8,8,2018,32.32
9,8,2018,14.58
10,8,2018,0.49
11,8,2018,7.53
12,8,2018,63.4
13,8,2018,6.39
14,8,2018,71.62
15,8,2018,35.18
16,8,2018,56.45
17,8,2018,0.0
18,8,2018,0.67
19,8,2018,3.88
20,8,2018,26.68
21,8,2018,1.48
22,8,2018,0.0
23,8,2018,1.72
24,8,2018,1.1
25,8,2018,0.0
26,8,2018,48.36
27,8,2018,108.28
28,8,2018,1.14
29,8,2018,0.82
30,8,2018,0.31
31,8,2018,2.75
1,9,2018,1.02
2,9,2018,12.9
3,9,2018,1.07
4,9,2018,1.63
5,9,2018,11.0
6,9,2018,38.75
7,9,2018,15.83
8,9,2018,13.08
9,9,2018,0.0
10,9,2018,0.0
11,9,2018,0.0
12,9,2018,1.59
13,9,2018,0.0
14,9,2018,0.0
15,9,2018,0.0
16,9,2018,0.0
17,9,2018,29.04
18,9,2018,13.88
19,9,2018,0.0
20,9,2018,0.49
21,9,2018,27.96
22,9,2018,2.49
23,9,2018,0.0
24,9,2018,0.0
25,9,2018,13.64
26,9,2018,0.0
27,9,2018,0.35
28,9,2018,0.0
29,9,2018,0.0
30,9,2018,0.0
1,10,2018,0.0
2,10,2018,0.0
3,10,2018,0.0
4,10,2018,0.0
5,10,2018,0.0
6,10,2018,0.0
7,10,2018,0.0
8,10,2018,0.0
9,10,2018,0.0
10,10,2018,0.0
11,10,2018,0.0
12,10,2018,23.42
13,10,2018,0.49
14,10,2018,0.0
15,10,2018,0.0
16,10,2018,0.0
17,10,2018,0.0
18,10,2018,0.0
19,10,2018,0.0
20,10,2018,0.0
21,10,2018,0.0
22,10,2018,0.0
23,10,2018,0.0
24,10,2018,0.0
25,10,2018,0.0
26,10,2018,0.0
27,10,2018,0.0
28,10,2018,0.0
29,10,2018,0.0
30,10,2018,0.0
31,10,2018,0.0
1,11,2018,0.0
2,11,2018,0.0
3,11,2018,0.0
4,11,2018,0.0
5,11,2018,0.0
6,11,2018,0.0
7,11,2018,0.0
8,11,2018,0.0
9,11,2018,0.0
10,11,2018,0.0
11,11,2018,0.0
12,11,2018,0.0
13,11,2018,0.0
14,11,2018,0.0
15,11,2018,0.0
16,11,2018,0.0
17,11,2018,0.0
18,11,2018,0.0
19,11,2018,0.0
20,11,2018,0.0
21,11,2018,0.0
22,11,2018,0.0
23,11,2018,0.0
24,11,2018,0.0
25,11,2018,0.0
26,11,2018,0.0
27,11,2018,0.0
28,11,2018,0.0
29,11,2018,0.0
30,11,2018,0.0
1,12,2018,0.0
2,12,2018,0.0
3,12,2018,0.0
4,12,2018,0.0
5,12,2018,0.0
6,12,2018,0.0
7,12,2018,0.0
8,12,2018,0.0
9,12,2018,0.0
10,12,2018,0.0
11,12,2018,0.0
12,12,2018,0.0
13,12,2018,0.0
14,12,2018,0.0
15,12,2018,0.0
16,12,2018,0.0
17,12,2018,23.61
18,12,2018,44.59
19,12,2018,0.84
20,12,2018,0.0
21,12,2018,0.0
22,12,2018,0.0
23,12,2018,0.0
24,12,2018,0.0
25,12,2018,0.0
26,12,2018,0.0
27,12,2018,0.0
28,12,2018,0.0
29,12,2018,0.0
30,12,2018,0.0
31,12,2018,0.0
1,1,2019,0.0
2,1,2019,0.0
3,1,2019,0.0
4,1,2019,0.0
5,1,2019,0.0
6,1,2019,0.0
7,1,2019,0.0
8,1,2019,0.0
9,1,2019,0.0
10,1,2019,0.0
11,1,2019,0.0
12,1,2019,0.0
13,1,2019,0.0
14,1,2019,0.0
15,1,2019,0.0
16,1,2019,0.0
17,1,2019,0.0
18,1,2019,0.0
19,1,2019,0.0
20,1,2019,0.0
21,1,2019,0.0
22,1,2019,0.0
23,1,2019,0.0
24,1,2019,0.0
25,1,2019,0.0
26,1,2019,0.0
27,1,2019,0.7
28,1,2019,1.68
29,1,2019,0.0
30,1,2019,0.0
31,1,2019,0.0
1,2,2019,0.0
2,2,2019,0.0
3,2,2019,0.0
4,2,2019,0.0
5,2,2019,0.0
6,2,2019,0.0
7,2,2019,0.0
8,2,2019,0.0
9,2,2019,0.0
10,2,2019,0.0
11,2,2019,0.0
12,2,2019,0.0
13,2,2019,0.0
14,2,2019,0.0
15,2,2019,0.0
16,2,2019,11.77
17,2,2019,0.0
18,2,2019,0.0
19,2,2019,0.0
20,2,2019,0.0
21,2,2019,0.0
22,2,2019,0.0
23,2,2019,0.0
24,2,2019,0.0
25,2,2019,1.05
26,2,2019,0.0
27,2,2019,0.0
28,2,2019,3.49
1,3,2019,0.0
2,3,2019,0.0
3,3,2019,0.0
4,3,2019,0.0
5,3,2019,0.0
6,3,2019,0.0
7,3,2019,0.0
8,3,2019,0.0
9,3,2019,0.0
10,3,2019,0.0
11,3,2019,0.0
12,3,2019,0.0
13,3,2019,0.0
14,3,2019,0.0
15,3,2019,0.0
16,3,2019,0.0
17,3,2019,0.0
18,3,2019,2.66
19,3,2019,0.0
20,3,2019,0.0
21,3,2019,14.17
22,3,2019,0.0
23,3,2019,0.0
24,3,2019,0.0
25,3,2019,0.0
26,3,2019,0.0
27,3,2019,0.0
28,3,2019,0.0
29,3,2019,0.0
30,3,2019,0.0
31,3,2019,0.0
1,4,2019,0.0
2,4,2019,0.0
3,4,2019,0.0
4,4,2019,0.0
5,4,2019,0.0
6,4,2019,0.0
7,4,2019,0.0
8,4,2019,0.0
9,4,2019,0.0
10,4,2019,3.07
11,4,2019,0.0
12,4,2019,0.35
13,4,2019,0.0
14,4,2019,0.0
15,4,2019,0.0
16,4,2019,0.64
17,4,2019,0.0
18,4,2019,0.0
19,4,2019,4.85
20,4,2019,11.01
21,4,2019,0.0
22,4,2019,0.0
23,4,2019,0.0
24,4,2019,0.0
25,4,2019,0.0
26,4,2019,0.0
27,4,2019,0.0
28,4,2019,0.0
29,4,2019,0.0
30,4,2019,0.0
1,5,2019,0.0
2,5,2019,0.0
3,5,2019,0.0
4,5,2019,4.07
5,5,2019,0.0
6,5,2019,0.0
7,5,2019,0.0
8,5,2019,0.0
9,5,2019,0.0
10,5,2019,0.0
11,5,2019,0.0
12,5,2019,0.0
13,5,2019,0.5
14,5,2019,0.0
15,5,2019,0.0
16,5,2019,0.0
17,5,2019,0.0
18,5,2019,0.0
19,5,2019,0.0
20,5,2019,0.0
21,5,2019,0.0
22,5,2019,0.0
23,5,2019,0.0
24,5,2019,0.0
25,5,2019,0.0
26,5,2019,0.0
27,5,2019,0.0
28,5,2019,1.4
29,5,2019,0.2
30,5,2019,0.0
31,5,2019,0.0
1,6,2019,8.33
2,6,2019,0.0
3,6,2019,21.01
4,6,2019,12.51
5,6,2019,0.0
6,6,2019,0.2
7,6,2019,7.76
8,6,2019,0.0
9,6,2019,0.0
10,6,2019,0.0
11,6,2019,0.0
12,6,2019,0.0
13,6,2019,0.0
14,6,2019,7.56
15,6,2019,2.05
16,6,2019,4.68
17,6,2019,16.07
18,6,2019,0.4
19,6,2019,0.36
20,6,2019,0.0
21,6,2019,20.43
22,6,2019,32.61
23,6,2019,4.91
24,6,2019,0.0
25,6,2019,0.0
26,6,2019,0.0
27,6,2019,0.0
28,6,2019,2.19
29,6,2019,0.0
30,6,2019,0.0
1,7,2019,9.51
2,7,2019,48.13
3,7,2019,17.44
4,7,2019,6.95
5,7,2019,11.02
6,7,2019,36.68
7,7,2019,0.0
8,7,2019,1.42
9,7,2019,0.2
10,7,2019,0.7
11,7,2019,5.16
12,7,2019,0.0
13,7,2019,0.0
14,7,2019,4.63
15,7,2019,0.0
16,7,2019,0.2
17,7,2019,0.25
18,7,2019,28.02
19,7,2019,9.68
20,7,2019,1.81
21,7,2019,0.0
22,7,2019,0.0
23,7,2019,1.22
24,7,2019,6.37
25,7,2019,2.17
26,7,2019,8.34
27,7,2019,23.08
28,7,2019,6.19
29,7,2019,12.36
30,7,2019,19.08
31,7,2019,3.76
1,8,2019,0.92
2,8,2019,0.0
3,8,2019,1.68
4,8,2019,0.7
5,8,2019,1.78
6,8,2019,0.0
7,8,2019,36.64
8,8,2019,61.26
9,8,2019,1.13
10,8,2019,1.05
11,8,2019,1.29
12,8,2019,16.5
13,8,2019,155.99
14,8,2019,64.07
15,8,2019,0.0
16,8,2019,0.0
17,8,2019,0.76
18,8,2019,8.21
19,8,2019,10.31
20,8,2019,14.45
21,8,2019,0.0
22,8,2019,5.79
23,8,2019,0.0
24,8,2019,4.25
25,8,2019,25.86
26,8,2019,35.05
27,8,2019,11.62
28,8,2019,0.0
29,8,2019,0.67
30,8,2019,3.69
31,8,2019,0.5
1,9,2019,22.73
2,9,2019,10.66
3,9,2019,7.85
4,9,2019,27.91
5,9,2019,12.34
6,9,2019,50.41
7,9,2019,23.94
8,9,2019,20.41
9,9,2019,3.94
10,9,2019,10.33
11,9,2019,0.7
12,9,2019,2.15
13,9,2019,7.78
14,9,2019,0.0
15,9,2019,0.0
16,9,2019,6.19
17,9,2019,0.0
18,9,2019,0.0
19,9,2019,3.85
20,9,2019,0.0
21,9,2019,0.0
22,9,2019,0.0
23,9,2019,0.0
24,9,2019,0.0
25,9,2019,14.94
26,9,2019,10.5
27,9,2019,0.0
28,9,2019,0.0
29,9,2019,0.95
30,9,2019,22.45
1,10,2019,17.69
2,10,2019,4.62
3,10,2019,19.36
4,10,2019,1.41
5,10,2019,0.0
6,10,2019,1.4
7,10,2019,0.0
8,10,2019,0.0
9,10,2019,0.0
10,10,2019,0.0
11,10,2019,0.0
12,10,2019,0.0
13,10,2019,0.0
14,10,2019,0.0
15,10,2019,0.0
16,10,2019,0.0
18,10,2019,0.0
19,10,2019,0.86
20,10,2019,0.0
21,10,2019,0.0
22,10,2019,0.0
23,10,2019,0.0
24,10,2019,6.07
25,10,2019,22.14
26,10,2019,0.7
27,10,2019,0.0
28,10,2019,0.0
29,10,2019,0.0
30,10,2019,0.0
31,10,2019,0.0
1,11,2019,2.05
2,11,2019,0.0
3,11,2019,0.0
4,11,2019,0.0
5,11,2019,0.0
6,11,2019,0.0
7,11,2019,0.0
8,11,2019,0.0
9,11,2019,0.0
10,11,2019,0.0
11,11,2019,0.0
12,11,2019,0.0
13,11,2019,0.0
14,11,2019,0.0
15,11,2019,0.0
16,11,2019,0.0
17,11,2019,0.0
18,11,2019,0.0
19,11,2019,0.0
20,11,2019,0.0
21,11,2019,0.0
22,11,2019,0.0
23,11,2019,0.0
24,11,2019,0.0
25,11,2019,0.0
26,11,2019,0.0
27,11,2019,0.0
28,11,2019,0.0
29,11,2019,0.0
30,11,2019,0.0
1,12,2019,0.0
2,12,2019,0.0
3,12,2019,0.0
4,12,2019,0.0
5,12,2019,0.0
6,12,2019,0.0
7,12,2019,0.0
8,12,2019,0.0
9,12,2019,0.0
10,12,2019,0.0
11,12,2019,0.0
12,12,2019,0.0
13,12,2019,0.0
14,12,2019,0.0
15,12,2019,0.0
16,12,2019,0.0
17,12,2019,0.0
18,12,2019,0.0
19,12,2019,0.0
20,12,2019,0.0
21,12,2019,0.0
22,12,2019,0.0
23,12,2019,0.0
24,12,2019,0.0
25,12,2019,0.0
26,12,2019,0.0
27,12,2019,0.35
28,12,2019,0.0
29,12,2019,0.0
30,12,2019,0.0
31,12,2019,0.0
1,1,2020,0.0
2,1,2020,0.0
3,1,2020,0.2
4,1,2020,6.51
5,1,2020,0.0
6,1,2020,0.0
7,1,2020,0.0
8,1,2020,0.0
9,1,2020,0.0
10,1,2020,0.0
11,1,2020,0.0
12,1,2020,0.0
13,1,2020,0.0
14,1,2020,0.0
15,1,2020,0.0
16,1,2020,0.0
17,1,2020,0.0
18,1,2020,0.0
19,1,2020,0.0
20,1,2020,0.0
21,1,2020,0.0
22,1,2020,0.0
23,1,2020,0.0
24,1,2020,0.0
25,1,2020,0.0
26,1,2020,0.0
27,1,2020,0.0
28,1,2020,0.0
29,1,2020,0.0
30,1,2020,0.0
31,1,2020,0.0
1,2,2020,0.0
2,2,2020,0.0
3,2,2020,0.0
4,2,2020,0.0
5,2,2020,6.39
6,2,2020,0.0
7,2,2020,0.7
8,2,2020,7.34
9,2,2020,7.77
10,2,2020,0.0
11,2,2020,0.0
12,2,2020,0.0
13,2,2020,0.0
14,2,2020,0.0
15,2,2020,0.0
16,2,2020,0.0
17,2,2020,0.0
18,2,2020,0.0
19,2,2020,0.0
20,2,2020,0.0
21,2,2020,0.0
22,2,2020,0.0
23,2,2020,0.0
24,2,2020,0.0
25,2,2020,9.67
26,2,2020,7.87
27,2,2020,0.0
28,2,2020,0.0
29,2,2020,0.0
1,3,2020,0.0
2,3,2020,0.0
3,3,2020,0.0
4,3,2020,0.0
5,3,2020,6.74
6,3,2020,20.71
7,3,2020,4.39
8,3,2020,3.35
9,3,2020,4.63
10,3,2020,0.0
11,3,2020,0.0
12,3,2020,0.0
13,3,2020,0.0
14,3,2020,0.0
15,3,2020,0.0
16,3,2020,6.55
17,3,2020,0.0
18,3,2020,0.0
19,3,2020,0.0
20,3,2020,5.78
21,3,2020,0.0
22,3,2020,4.63
23,3,2020,0.0
24,3,2020,0.0
25,3,2020,0.0
26,3,2020,0.0
27,3,2020,0.0
28,3,2020,0.0
29,3,2020,2.37
30,3,2020,3.8
31,3,2020,0.0
1,4,2020,0.0
2,4,2020,0.0
3,4,2020,0.0
4,4,2020,0.14
5,4,2020,0.0
6,4,2020,0.0
7,4,2020,0.48
8,4,2020,14.34
9,4,2020,1.24
10,4,2020,7.67
11,4,2020,0.0
12,4,2020,0.0
13,4,2020,0.0
14,4,2020,1.61
15,4,2020,0.0
16,4,2020,0.0
17,4,2020,0.0
18,4,2020,0.0
19,4,2020,2.58
20,4,2020,0.0
21,4,2020,0.0
22,4,2020,4.05
23,4,2020,13.74
24,4,2020,0.85
25,4,2020,0.0
26,4,2020,3.54
27,4,2020,2.04
28,4,2020,3.65
29,4,2020,0.0
30,4,2020,0.0
1,5,2020,0.0
2,5,2020,2.67
3,5,2020,0.0
4,5,2020,0.0
5,5,2020,8.17
6,5,2020,0.5
7,5,2020,0.3
8,5,2020,0.0
9,5,2020,12.7
10,5,2020,0.0
11,5,2020,0.0
12,5,2020,0.0
13,5,2020,0.0
14,5,2020,0.0
15,5,2020,0.0
16,5,2020,0.0
17,5,2020,2.1
18,5,2020,0.0
19,5,2020,0.0
20,5,2020,0.0
21,5,2020,0.0
22,5,2020,0.0
23,5,2020,0.0
24,5,2020,0.0
25,5,2020,0.0
26,5,2020,0.0
27,5,2020,0.0
28,5,2020,0.0
29,5,2020,0.0
30,5,2020,9.68
31,5,2020,0.2
1,6,2020,0.0
2,6,2020,0.0
3,6,2020,1.61
4,6,2020,0.0
5,6,2020,0.0
6,6,2020,0.0
7,6,2020,0.0
8,6,2020,0.49
9,6,2020,2.38
10,6,2020,3.15
11,6,2020,0.0
12,6,2020,1.75
13,6,2020,15.79
14,6,2020,0.0
15,6,2020,2.94
16,6,2020,14.32
17,6,2020,19.73
18,6,2020,0.3
19,6,2020,0.0
20,6,2020,14.46
21,6,2020,80.58
22,6,2020,91.41
23,6,2020,8.16
24,6,2020,0.0
25,6,2020,0.0
26,6,2020,0.0
27,6,2020,1.5
28,6,2020,9.08
29,6,2020,9.41
30,6,2020,9.77
1,7,2020,14.72
2,7,2020,0.0
3,7,2020,0.0
4,7,2020,36.05
5,7,2020,49.82
6,7,2020,26.41
7,7,2020,11.53
8,7,2020,0.0
9,7,2020,8.49
10,7,2020,5.93
11,7,2020,5.7
12,7,2020,9.13
13,7,2020,55.1
14,7,2020,0.65
15,7,2020,31.26
16,7,2020,0.59
17,7,2020,5.71
18,7,2020,0.0
19,7,2020,0.0
20,7,2020,0.0
21,7,2020,4.43
22,7,2020,0.86
23,7,2020,52.85
24,7,2020,14.11
25,7,2020,0.0
26,7,2020,0.0
27,7,2020,0.0
28,7,2020,0.0
29,7,2020,2.54
30,7,2020,4.15
31,7,2020,0.0
1,8,2020,0.0
2,8,2020,14.11
3,8,2020,4.05
4,8,2020,0.0
5,8,2020,15.06
6,8,2020,5.51
7,8,2020,2.4
8,8,2020,1.5
9,8,2020,1.46
10,8,2020,15.66
11,8,2020,0.0
12,8,2020,0.8
13,8,2020,5.65
14,8,2020,6.77
15,8,2020,1.05
16,8,2020,28.11
17,8,2020,14.72
18,8,2020,0.35
19,8,2020,0.0
20,8,2020,105.71
21,8,2020,7.95
22,8,2020,1.17
23,8,2020,0.0
24,8,2020,6.49
25,8,2020,0.0
26,8,2020,35.74
27,8,2020,79.15
28,8,2020,19.9
29,8,2020,2.82
30,8,2020,0.0
31,8,2020,0.3
1,9,2020,0.0
2,9,2020,2.25
3,9,2020,0.0
4,9,2020,0.0
5,9,2020,13.5
6,9,2020,1.8
7,9,2020,0.2
8,9,2020,0.3
9,9,2020,0.0
10,9,2020,0.0
11,9,2020,2.74
12,9,2020,0.0
13,9,2020,0.0
14,9,2020,0.0
15,9,2020,10.49
16,9,2020,2.1
17,9,2020,0.0
18,9,2020,0.0
19,9,2020,0.2
20,9,2020,2.21
21,9,2020,57.48
22,9,2020,8.97
23,9,2020,0.0
24,9,2020,0.0
25,9,2020,0.0
26,9,2020,2.63
27,9,2020,0.0
28,9,2020,3.57
29,9,2020,0.0
30,9,2020,1.9
1,10,2020,17.33
2,10,2020,10.12
3,10,2020,14.13
4,10,2020,3.92
5,10,2020,20.18
6,10,2020,6.7
7,10,2020,0.7
8,10,2020,0.0
9,10,2020,0.0
10,10,2020,0.0
11,10,2020,13.07
12,10,2020,0.0
13,10,2020,0.0
14,10,2020,6.86
15,10,2020,5.04
16,10,2020,0.0
17,10,2020,5.67
18,10,2020,0.73
19,10,2020,0.0
20,10,2020,0.0
21,10,2020,0.0
22,10,2020,0.0
23,10,2020,0.0
24,10,2020,0.0
25,10,2020,0.0
26,10,2020,0.0
27,10,2020,0.0
28,10,2020,0.0
29,10,2020,0.0
30,10,2020,0.0
31,10,2020,0.0
1,11,2020,0.0
2,11,2020,0.0
3,11,2020,0.0
4,11,2020,0.0
5,11,2020,0.0
6,11,2020,0.0
7,11,2020,0.0
8,11,2020,0.0
9,11,2020,0.0
10,11,2020,0.0
11,11,2020,0.0
12,11,2020,0.0
13,11,2020,0.0
14,11,2020,0.0
15,11,2020,0.0
16,11,2020,0.0
17,11,2020,0.0
18,11,2020,0.0
19,11,2020,0.0
20,11,2020,0.0
21,11,2020,0.0
22,11,2020,0.0
23,11,2020,0.0
24,11,2020,0.0
25,11,2020,0.0
26,11,2020,0.0
27,11,2020,0.0
28,11,2020,0.0
29,11,2020,0.0
30,11,2020,0.0
1,12,2020,0.0
2,12,2020,0.0
3,12,2020,0.0
4,12,2020,0.0
5,12,2020,0.0
6,12,2020,0.0
7,12,2020,0.0
8,12,2020,0.0
9,12,2020,0.0
10,12,2020,0.0
11,12,2020,0.0
12,12,2020,0.0
13,12,2020,0.0
14,12,2020,0.0
15,12,2020,0.0
16,12,2020,0.0
17,12,2020,0.0
18,12,2020,0.0
19,12,2020,0.0
20,12,2020,0.0
21,12,2020,0.0
22,12,2020,0.0
23,12,2020,0.0
24,12,2020,0.0
25,12,2020,0.0
