obs,datetime
0.0,2007-01-01
0.0,2007-02-01
0.0,2007-03-01
0.0,2007-04-01
0.0,2007-05-01
0.0,2007-06-01
0.0,2007-07-01
0.0,2007-08-01
0.0,2007-09-01
0.0,2007-10-01
0.0,2007-11-01
0.0,2007-12-01
0.0,2007-01-13
0.0,2007-01-14
0.0,2007-01-15
0.0,2007-01-16
0.0,2007-01-17
0.0,2007-01-18
0.0,2007-01-19
0.0,2007-01-20
0.0,2007-01-21
0.0,2007-01-22
0.0,2007-01-23
0.0,2007-01-24
0.0,2007-01-25
0.0,2007-01-26
0.0,2007-01-27
0.0,2007-01-28
0.0,2007-01-29
0.0,2007-01-30
0.0,2007-01-31
0.0,2007-01-02
0.0,2007-02-02
0.0,2007-03-02
0.0,2007-04-02
0.0,2007-05-02
0.0,2007-06-02
0.0,2007-07-02
0.0,2007-08-02
0.0,2007-09-02
0.0,2007-10-02
0.0,2007-11-02
0.0,2007-12-02
0.0,2007-02-13
0.0,2007-02-14
0.0,2007-02-15
0.0,2007-02-16
0.0,2007-02-17
0.0,2007-02-18
0.0,2007-02-19
0.0,2007-02-20
0.0,2007-02-21
0.0,2007-02-22
0.0,2007-02-23
0.0,2007-02-24
0.0,2007-02-25
0.0,2007-02-26
0.0,2007-02-27
0.0,2007-02-28
2.27,2007-01-03
0.0,2007-02-03
0.0,2007-03-03
0.0,2007-04-03
0.0,2007-05-03
0.0,2007-06-03
0.0,2007-07-03
0.0,2007-08-03
0.0,2007-09-03
0.1,2007-10-03
0.0,2007-11-03
0.58,2007-12-03
0.86,2007-03-13
0.22,2007-03-14
0.0,2007-03-15
0.0,2007-03-16
0.0,2007-03-17
0.0,2007-03-18
0.0,2007-03-19
0.0,2007-03-20
0.0,2007-03-21
0.0,2007-03-22
0.0,2007-03-23
0.0,2007-03-24
0.0,2007-03-25
0.0,2007-03-26
0.0,2007-03-27
0.0,2007-03-28
0.0,2007-03-29
0.0,2007-03-30
0.0,2007-03-31
0.0,2007-01-04
0.0,2007-02-04
0.0,2007-03-04
0.0,2007-04-04
0.0,2007-05-04
0.0,2007-06-04
0.0,2007-07-04
0.0,2007-08-04
0.0,2007-09-04
0.0,2007-10-04
0.0,2007-11-04
0.0,2007-12-04
0.0,2007-04-13
0.0,2007-04-14
0.0,2007-04-15
0.0,2007-04-16
0.0,2007-04-17
0.0,2007-04-18
0.0,2007-04-19
0.0,2007-04-20
0.0,2007-04-21
0.0,2007-04-22
0.0,2007-04-23
0.0,2007-04-24
0.0,2007-04-25
0.0,2007-04-26
0.0,2007-04-27
0.0,2007-04-28
0.0,2007-04-29
0.0,2007-04-30
1.75,2007-01-05
0.0,2007-02-05
0.0,2007-03-05
0.0,2007-04-05
26.14,2007-05-05
0.0,2007-06-05
0.0,2007-07-05
0.0,2007-08-05
0.45,2007-09-05
0.0,2007-10-05
0.0,2007-11-05
0.0,2007-12-05
0.0,2007-05-13
0.0,2007-05-14
0.0,2007-05-15
0.0,2007-05-16
0.0,2007-05-17
5.26,2007-05-18
0.92,2007-05-19
0.0,2007-05-20
0.0,2007-05-21
0.0,2007-05-22
0.0,2007-05-23
0.0,2007-05-24
0.0,2007-05-25
0.0,2007-05-26
0.0,2007-05-27
0.0,2007-05-28
0.0,2007-05-29
0.0,2007-05-30
0.0,2007-05-31
0.0,2007-01-06
0.0,2007-02-06
0.0,2007-03-06
0.0,2007-04-06
0.0,2007-05-06
0.0,2007-06-06
0.0,2007-07-06
0.0,2007-08-06
0.0,2007-09-06
0.0,2007-10-06
9.29,2007-11-06
4.36,2007-12-06
1.05,2007-06-15
0.7,2007-06-16
0.2,2007-06-17
13.89,2007-06-18
0.0,2007-06-21
4.45,2007-06-25
37.13,2007-06-26
68.39,2007-06-27
20.39,2007-06-28
17.07,2007-06-29
0.0,2007-03-07
0.0,2007-04-07
0.58,2007-05-07
0.0,2007-06-07
14.15,2007-07-07
1.26,2007-08-07
4.48,2007-09-07
9.72,2007-10-07
0.0,2007-11-07
0.0,2007-12-07
22.14,2007-07-13
52.72,2007-07-14
29.12,2007-07-15
45.24,2007-07-16
1.17,2007-07-17
2.52,2007-07-18
1.68,2007-07-19
3.82,2007-07-20
10.31,2007-07-21
1.05,2007-07-22
5.44,2007-07-23
0.0,2007-07-24
0.0,2007-07-25
0.0,2007-07-26
0.0,2007-07-27
1.47,2007-07-28
0.0,2007-07-29
3.03,2007-07-30
0.0,2007-07-31
0.0,2007-01-08
8.88,2007-02-08
5.12,2007-03-08
0.72,2007-04-08
0.0,2007-05-08
93.74,2007-06-08
130.81,2007-07-08
1.47,2007-08-08
0.0,2007-09-08
0.0,2007-10-08
27.81,2007-11-08
127.34,2007-12-08
43.87,2007-08-13
5.37,2007-08-14
0.0,2007-08-15
0.3,2007-08-16
0.0,2007-08-17
0.0,2007-08-18
1.71,2007-08-19
0.0,2007-08-20
0.93,2007-08-21
1.17,2007-08-22
6.02,2007-08-23
0.0,2007-08-24
0.0,2007-08-25
0.0,2007-08-26
0.0,2007-08-27
5.25,2007-08-28
0.0,2007-08-29
3.88,2007-08-30
0.0,2007-08-31
8.91,2007-01-09
1.79,2007-02-09
9.07,2007-03-09
12.31,2007-04-09
4.12,2007-05-09
16.38,2007-06-09
20.77,2007-07-09
0.32,2007-08-09
31.84,2007-09-09
13.72,2007-10-09
3.13,2007-11-09
2.86,2007-12-09
17.96,2007-09-13
12.47,2007-09-14
6.62,2007-09-15
2.82,2007-09-16
0.0,2007-09-17
1.77,2007-09-18
5.25,2007-09-19
0.0,2007-09-20
8.31,2007-09-21
20.17,2007-09-22
31.55,2007-09-23
27.4,2007-09-24
0.0,2007-09-25
0.0,2007-09-26
29.88,2007-09-27
0.0,2007-09-28
0.0,2007-09-29
7.57,2007-09-30
0.84,2007-01-10
3.88,2007-02-10
5.95,2007-03-10
15.91,2007-04-10
1.17,2007-05-10
10.62,2007-06-10
1.99,2007-07-10
1.04,2007-08-10
0.0,2007-09-10
0.0,2007-10-10
0.0,2007-11-10
0.0,2007-12-10
0.0,2007-10-13
0.0,2007-10-14
0.0,2007-10-15
0.0,2007-10-16
0.0,2007-10-17
0.0,2007-10-18
0.0,2007-10-19
0.0,2007-10-20
0.0,2007-10-21
0.0,2007-10-22
0.0,2007-10-23
0.0,2007-10-24
0.0,2007-10-25
0.0,2007-10-26
0.0,2007-10-27
0.0,2007-10-28
0.0,2007-10-29
0.0,2007-10-30
0.0,2007-10-31
0.0,2007-01-11
0.0,2007-02-11
0.0,2007-03-11
0.0,2007-04-11
0.0,2007-05-11
0.0,2007-06-11
0.0,2007-07-11
0.0,2007-08-11
0.0,2007-11-11
0.0,2007-12-11
0.0,2007-11-13
0.0,2007-11-14
0.0,2007-11-15
0.0,2007-11-16
0.0,2007-11-17
0.0,2007-11-18
0.0,2007-11-19
0.0,2007-11-20
0.0,2007-11-21
0.0,2007-11-22
0.0,2007-11-23
0.0,2007-11-24
0.0,2007-11-25
0.0,2007-11-26
0.0,2007-11-27
0.0,2007-11-28
0.0,2007-11-29
0.0,2007-11-30
0.0,2007-01-12
0.0,2007-02-12
0.0,2007-03-12
0.0,2007-04-12
0.0,2007-05-12
0.0,2007-06-12
0.0,2007-08-12
0.0,2007-09-12
0.0,2007-10-12
0.0,2007-11-12
0.0,2007-12-12
0.0,2007-12-13
0.0,2007-12-14
0.0,2007-12-15
0.0,2007-12-16
0.0,2007-12-17
0.0,2007-12-18
0.0,2007-12-19
0.0,2007-12-20
0.0,2007-12-21
0.0,2007-12-22
0.0,2007-12-23
0.0,2007-12-24
0.0,2007-12-25
0.0,2007-12-26
0.0,2007-12-27
0.0,2007-12-28
0.0,2007-12-29
0.0,2007-12-30
0.0,2007-12-31
0.0,2008-01-01
0.0,2008-02-01
0.0,2008-03-01
0.0,2008-04-01
0.0,2008-05-01
0.0,2008-06-01
0.0,2008-07-01
0.0,2008-08-01
0.0,2008-09-01
0.0,2008-10-01
0.0,2008-11-01
0.0,2008-12-01
0.0,2008-01-13
0.0,2008-01-14
0.0,2008-01-15
0.0,2008-01-16
0.0,2008-01-17
0.0,2008-01-18
0.0,2008-01-19
0.0,2008-01-20
0.0,2008-01-21
0.0,2008-01-22
0.0,2008-01-23
0.0,2008-01-24
0.54,2008-01-25
17.72,2008-01-26
16.5,2008-01-27
0.0,2008-01-28
0.0,2008-01-29
0.0,2008-01-30
0.0,2008-01-31
0.0,2008-01-02
0.0,2008-02-02
0.0,2008-03-02
0.0,2008-04-02
2.92,2008-05-02
0.0,2008-06-02
0.0,2008-07-02
0.0,2008-08-02
0.0,2008-09-02
0.0,2008-10-02
0.0,2008-11-02
0.2,2008-12-02
0.0,2008-02-13
0.0,2008-02-14
0.0,2008-02-15
0.0,2008-02-16
0.0,2008-02-17
0.0,2008-02-18
0.0,2008-02-19
0.0,2008-02-20
0.0,2008-02-21
0.0,2008-02-22
0.0,2008-02-23
0.0,2008-02-24
0.0,2008-02-25
0.0,2008-02-26
0.0,2008-02-27
0.0,2008-02-28
0.0,2008-02-29
0.0,2008-01-03
0.0,2008-02-03
0.0,2008-03-03
0.0,2008-04-03
0.0,2008-05-03
0.0,2008-06-03
0.0,2008-07-03
0.0,2008-08-03
0.0,2008-09-03
0.0,2008-10-03
0.0,2008-11-03
0.0,2008-12-03
0.0,2008-03-13
0.0,2008-03-14
0.0,2008-03-15
0.0,2008-03-16
0.0,2008-03-17
0.0,2008-03-18
0.0,2008-03-19
0.0,2008-03-20
0.0,2008-03-21
0.0,2008-03-22
0.0,2008-03-23
1.06,2008-03-24
0.0,2008-03-25
0.0,2008-03-26
0.54,2008-03-27
0.0,2008-03-28
0.4,2008-03-29
0.0,2008-03-30
0.0,2008-03-31
0.0,2008-01-04
0.0,2008-02-04
0.0,2008-03-04
0.0,2008-04-04
0.0,2008-05-04
0.0,2008-06-04
0.0,2008-07-04
0.0,2008-08-04
0.0,2008-09-04
0.0,2008-10-04
0.0,2008-11-04
0.0,2008-12-04
0.0,2008-04-13
0.0,2008-04-14
0.0,2008-04-15
0.0,2008-04-16
0.0,2008-04-17
0.0,2008-04-18
0.0,2008-04-19
0.0,2008-04-20
0.0,2008-04-21
0.0,2008-04-22
0.0,2008-04-23
0.0,2008-04-24
0.0,2008-04-25
0.0,2008-04-26
0.0,2008-04-27
0.0,2008-04-28
0.0,2008-04-29
0.0,2008-04-30
0.0,2008-01-05
0.0,2008-02-05
0.0,2008-03-05
0.0,2008-04-05
0.0,2008-05-05
0.0,2008-06-05
0.0,2008-07-05
0.2,2008-08-05
0.0,2008-09-05
0.0,2008-10-05
0.0,2008-11-05
0.0,2008-12-05
0.0,2008-05-13
0.0,2008-05-14
0.0,2008-05-15
0.0,2008-05-16
0.0,2008-05-17
0.0,2008-05-18
0.0,2008-05-19
0.0,2008-05-20
0.0,2008-05-21
0.0,2008-05-22
0.0,2008-05-23
0.0,2008-05-24
0.0,2008-05-25
0.0,2008-05-26
0.0,2008-05-27
0.2,2008-05-28
0.0,2008-05-29
0.0,2008-05-30
0.0,2008-05-31
0.0,2008-01-06
0.0,2008-02-06
0.0,2008-03-06
0.0,2008-04-06
0.0,2008-05-06
4.76,2008-06-06
6.53,2008-07-06
27.22,2008-08-06
27.82,2008-09-06
5.07,2008-10-06
1.05,2008-11-06
7.15,2008-12-06
0.0,2008-06-13
1.05,2008-06-14
6.5,2008-06-15
10.42,2008-06-16
0.79,2008-06-17
1.13,2008-06-18
0.0,2008-06-19
0.0,2008-06-20
0.0,2008-06-21
3.21,2008-06-22
0.0,2008-06-23
11.61,2008-06-24
2.35,2008-06-25
0.84,2008-06-26
1.17,2008-06-27
56.33,2008-06-28
7.4,2008-06-29
2.0,2008-06-30
1.37,2008-01-07
12.94,2008-02-07
0.0,2008-03-07
1.22,2008-04-07
4.08,2008-05-07
14.96,2008-07-07
13.99,2008-08-07
3.97,2008-09-07
9.27,2008-10-07
1.47,2008-11-07
0.0,2008-12-07
1.17,2008-07-13
0.65,2008-07-14
1.55,2008-07-15
15.43,2008-07-16
14.25,2008-07-17
2.91,2008-07-18
5.0,2008-07-19
4.95,2008-07-20
0.0,2008-07-21
0.0,2008-07-22
2.94,2008-07-23
15.92,2008-07-24
5.22,2008-07-25
4.93,2008-07-26
8.98,2008-07-27
17.01,2008-07-28
5.79,2008-07-29
3.54,2008-07-30
19.11,2008-07-31
9.41,2008-01-08
7.59,2008-02-08
0.0,2008-03-08
22.48,2008-04-08
1.96,2008-05-08
4.21,2008-06-08
1.47,2008-07-08
76.4,2008-08-08
62.43,2008-09-08
67.33,2008-10-08
2.64,2008-11-08
0.0,2008-12-08
0.0,2008-08-13
0.0,2008-08-14
10.62,2008-08-15
19.71,2008-08-16
23.58,2008-08-17
14.08,2008-08-18
3.61,2008-08-19
16.5,2008-08-20
16.86,2008-08-21
18.32,2008-08-22
23.96,2008-08-23
42.16,2008-08-24
17.14,2008-08-25
5.25,2008-08-26
7.01,2008-08-27
2.9,2008-08-28
0.56,2008-08-29
6.45,2008-08-30
7.97,2008-08-31
0.0,2008-01-09
0.0,2008-02-09
0.63,2008-03-09
5.87,2008-04-09
0.0,2008-05-09
0.51,2008-06-09
0.0,2008-07-09
0.0,2008-08-09
1.25,2008-09-09
9.93,2008-10-09
1.52,2008-11-09
0.0,2008-12-09
7.74,2008-09-13
87.47,2008-09-14
0.63,2008-09-15
23.23,2008-09-16
124.64,2008-09-17
203.6,2008-09-18
15.04,2008-09-19
0.0,2008-09-20
0.34,2008-09-21
0.0,2008-09-22
1.35,2008-09-23
0.0,2008-09-24
0.0,2008-09-25
0.0,2008-09-26
0.0,2008-09-27
0.0,2008-09-28
0.0,2008-09-29
3.95,2008-09-30
0.0,2008-01-10
0.0,2008-02-10
0.0,2008-03-10
0.0,2008-04-10
0.63,2008-05-10
0.0,2008-06-10
0.2,2008-07-10
0.0,2008-08-10
0.0,2008-09-10
0.21,2008-10-10
0.0,2008-11-10
0.0,2008-12-10
0.0,2008-10-13
0.0,2008-10-14
0.0,2008-10-15
0.0,2008-10-16
0.0,2008-10-17
0.0,2008-10-18
0.0,2008-10-19
0.0,2008-10-20
0.0,2008-10-21
0.0,2008-10-22
0.0,2008-10-23
0.0,2008-10-24
0.0,2008-10-25
0.0,2008-10-26
0.0,2008-10-27
0.0,2008-10-28
0.0,2008-10-29
0.0,2008-10-30
0.0,2008-10-31
0.0,2008-01-11
0.0,2008-02-11
0.0,2008-03-11
0.0,2008-04-11
0.0,2008-05-11
0.0,2008-06-11
0.0,2008-07-11
0.0,2008-08-11
0.0,2008-09-11
0.0,2008-10-11
0.0,2008-11-11
0.0,2008-12-11
0.0,2008-11-13
0.0,2008-11-14
0.0,2008-11-15
0.0,2008-11-16
0.0,2008-11-17
0.0,2008-11-18
0.0,2008-11-19
0.0,2008-11-20
0.0,2008-11-21
0.0,2008-11-22
0.0,2008-11-23
0.0,2008-11-24
0.0,2008-11-26
0.0,2008-11-27
0.0,2008-11-28
0.0,2008-11-29
0.0,2008-11-30
0.0,2008-01-12
0.0,2008-02-12
0.0,2008-03-12
0.0,2008-04-12
0.0,2008-05-12
0.0,2008-06-12
0.0,2008-07-12
0.0,2008-08-12
0.0,2008-09-12
0.0,2008-10-12
0.0,2008-11-12
0.0,2008-12-12
0.0,2008-12-13
0.0,2008-12-14
0.0,2008-12-15
0.0,2008-12-16
0.0,2008-12-17
0.0,2008-12-18
0.0,2008-12-19
0.0,2008-12-20
0.0,2008-12-21
0.0,2008-12-22
0.0,2008-12-23
0.0,2008-12-24
0.0,2008-12-25
0.0,2008-12-26
0.0,2008-12-27
0.0,2008-12-28
0.0,2008-12-29
0.0,2008-12-30
0.0,2008-12-31
0.0,2009-01-01
0.0,2009-02-01
0.0,2009-03-01
0.0,2009-04-01
0.0,2009-05-01
0.0,2009-06-01
0.0,2009-07-01
0.0,2009-08-01
0.0,2009-09-01
0.0,2009-10-01
0.0,2009-11-01
0.0,2009-12-01
0.0,2009-01-13
0.0,2009-01-14
0.0,2009-01-15
0.0,2009-01-16
0.0,2009-01-17
0.0,2009-01-18
0.0,2009-01-19
0.0,2009-01-20
0.0,2009-01-21
0.0,2009-01-22
0.0,2009-01-23
0.0,2009-01-24
0.0,2009-01-25
0.0,2009-01-26
0.0,2009-01-27
0.0,2009-01-28
0.0,2009-01-29
0.0,2009-01-30
0.0,2009-01-31
0.0,2009-01-02
0.0,2009-02-02
0.0,2009-03-02
0.0,2009-04-02
0.0,2009-05-02
0.0,2009-06-02
0.0,2009-07-02
0.0,2009-08-02
0.0,2009-09-02
0.0,2009-10-02
0.0,2009-11-02
0.0,2009-12-02
0.0,2009-02-13
0.0,2009-02-14
0.0,2009-02-15
0.0,2009-02-16
0.0,2009-02-17
0.0,2009-02-18
0.0,2009-02-19
0.0,2009-02-20
0.0,2009-02-21
0.0,2009-02-22
0.0,2009-02-23
0.0,2009-02-24
0.0,2009-02-25
0.0,2009-02-26
0.0,2009-02-27
0.0,2009-02-28
0.0,2009-01-03
0.0,2009-02-03
0.0,2009-03-03
0.0,2009-04-03
0.0,2009-05-03
0.0,2009-06-03
0.0,2009-07-03
0.0,2009-08-03
0.0,2009-09-03
0.0,2009-10-03
0.0,2009-11-03
0.0,2009-12-03
0.0,2009-03-13
0.0,2009-03-14
0.0,2009-03-15
0.0,2009-03-16
0.0,2009-03-17
0.0,2009-03-18
0.0,2009-03-19
0.0,2009-03-20
0.0,2009-03-21
0.0,2009-03-22
0.0,2009-03-23
0.0,2009-03-24
0.0,2009-03-25
1.0,2009-03-26
0.0,2009-03-27
0.0,2009-03-28
0.0,2009-03-29
0.0,2009-03-30
0.0,2009-03-31
0.0,2009-01-04
0.0,2009-02-04
0.0,2009-03-04
0.0,2009-04-04
0.0,2009-05-04
0.0,2009-06-04
0.0,2009-07-04
0.0,2009-08-04
0.0,2009-09-04
0.0,2009-10-04
0.0,2009-11-04
0.0,2009-12-04
0.0,2009-04-13
0.0,2009-04-14
0.0,2009-04-15
0.0,2009-04-16
0.0,2009-04-17
0.0,2009-04-18
0.0,2009-04-19
0.0,2009-04-20
0.0,2009-04-21
0.0,2009-04-22
0.0,2009-04-23
0.0,2009-04-24
0.0,2009-04-25
0.0,2009-04-26
0.0,2009-04-27
0.0,2009-04-28
0.0,2009-04-29
0.0,2009-04-30
0.0,2009-01-05
0.0,2009-02-05
0.0,2009-03-05
0.0,2009-04-05
1.0,2009-05-05
0.0,2009-06-05
0.0,2009-07-05
0.0,2009-08-05
0.0,2009-09-05
0.0,2009-10-05
0.0,2009-11-05
0.0,2009-12-05
0.0,2009-05-13
0.0,2009-05-14
0.0,2009-05-15
0.0,2009-05-16
0.0,2009-05-17
8.0,2009-05-18
0.0,2009-05-19
0.0,2009-05-20
16.2,2009-05-21
0.0,2009-05-22
0.0,2009-05-23
0.0,2009-05-24
0.0,2009-05-25
0.0,2009-05-26
0.0,2009-05-27
0.0,2009-05-28
0.0,2009-05-29
0.0,2009-05-30
0.0,2009-05-31
0.0,2009-01-06
0.5,2009-02-06
11.64,2009-03-06
0.0,2009-04-06
3.29,2009-05-06
5.36,2009-06-06
26.4,2009-07-06
0.0,2009-08-06
0.0,2009-09-06
0.0,2009-10-06
0.0,2009-11-06
3.21,2009-12-06
0.0,2009-06-13
0.0,2009-06-14
29.83,2009-06-15
0.0,2009-06-16
0.0,2009-06-17
0.0,2009-06-18
0.17,2009-06-19
0.54,2009-06-20
0.0,2009-06-21
0.0,2009-06-22
0.0,2009-06-23
0.0,2009-06-24
24.55,2009-06-25
8.45,2009-06-26
0.0,2009-06-27
1.86,2009-06-28
3.68,2009-06-29
0.0,2009-06-30
26.92,2009-01-07
8.19,2009-02-07
17.68,2009-03-07
25.45,2009-04-07
22.63,2009-05-07
57.42,2009-06-07
12.56,2009-07-07
8.24,2009-08-07
0.39,2009-09-07
17.13,2009-10-07
15.75,2009-11-07
1.7,2009-12-07
77.75,2009-07-13
123.12,2009-07-14
115.8,2009-07-15
20.43,2009-07-16
0.0,2009-07-17
40.72,2009-07-18
59.0,2009-07-19
102.82,2009-07-20
43.57,2009-07-21
5.07,2009-07-22
0.43,2009-07-23
0.0,2009-07-24
0.0,2009-07-25
0.47,2009-07-26
3.0,2009-07-27
35.69,2009-07-28
0.0,2009-07-29
0.51,2009-07-30
1.91,2009-07-31
0.0,2009-01-08
0.0,2009-02-08
0.0,2009-03-08
0.14,2009-04-08
0.0,2009-05-08
0.0,2009-06-08
0.0,2009-07-08
0.0,2009-08-08
0.0,2009-09-08
21.75,2009-10-08
24.0,2009-11-08
0.76,2009-12-08
14.45,2009-08-13
34.87,2009-08-14
17.56,2009-08-15
0.95,2009-08-16
1.21,2009-08-17
4.22,2009-08-18
0.1,2009-08-19
39.6,2009-08-20
36.96,2009-08-21
1.5,2009-08-22
8.03,2009-08-23
7.47,2009-08-24
22.29,2009-08-25
50.52,2009-08-26
28.07,2009-08-27
17.87,2009-08-28
5.17,2009-08-29
0.0,2009-08-30
9.49,2009-08-31
0.84,2009-01-09
0.22,2009-02-09
0.0,2009-03-09
0.0,2009-04-09
13.55,2009-05-09
37.01,2009-06-09
3.12,2009-07-09
0.39,2009-08-09
1.29,2009-09-09
0.0,2009-10-09
0.0,2009-11-09
0.0,2009-12-09
0.0,2009-09-13
0.0,2009-09-14
0.33,2009-09-15
0.0,2009-09-16
0.62,2009-09-17
0.0,2009-09-18
10.45,2009-09-19
9.32,2009-09-20
0.0,2009-09-21
1.94,2009-09-22
13.7,2009-09-23
9.36,2009-09-24
7.07,2009-09-25
4.15,2009-09-26
1.22,2009-09-27
0.0,2009-09-28
7.8,2009-09-29
6.69,2009-09-30
14.11,2009-01-10
13.4,2009-02-10
11.21,2009-03-10
0.38,2009-04-10
12.27,2009-05-10
18.46,2009-06-10
0.41,2009-07-10
0.54,2009-08-10
0.0,2009-09-10
0.0,2009-10-10
0.0,2009-11-10
0.0,2009-12-10
0.0,2009-10-13
0.0,2009-10-14
0.0,2009-10-15
0.0,2009-10-16
0.0,2009-10-17
0.0,2009-10-18
0.0,2009-10-19
0.0,2009-10-20
0.0,2009-10-21
0.0,2009-10-22
0.0,2009-10-23
0.0,2009-10-24
0.0,2009-10-25
0.0,2009-10-26
0.0,2009-10-27
0.0,2009-10-28
0.0,2009-10-29
0.0,2009-10-30
0.0,2009-10-31
0.0,2009-01-11
0.0,2009-02-11
0.0,2009-03-11
0.0,2009-04-11
2.53,2009-05-11
0.0,2009-06-11
0.0,2009-07-11
0.0,2009-08-11
0.0,2009-09-11
0.0,2009-10-11
0.0,2009-11-11
0.0,2009-12-11
0.52,2009-11-13
0.0,2009-11-14
0.53,2009-11-15
0.0,2009-11-16
0.0,2009-11-17
33.02,2009-11-18
0.0,2009-11-19
0.0,2009-11-20
0.0,2009-11-21
0.0,2009-11-22
0.0,2009-11-23
0.0,2009-11-24
0.0,2009-11-25
0.0,2009-11-26
0.0,2009-11-27
0.0,2009-11-28
0.0,2009-11-29
0.0,2009-11-30
0.0,2009-01-12
0.0,2009-02-12
0.0,2009-03-12
0.0,2009-04-12
0.0,2009-05-12
0.0,2009-06-12
0.0,2009-07-12
0.0,2009-08-12
0.0,2009-09-12
0.0,2009-10-12
0.0,2009-11-12
0.0,2009-12-12
0.0,2009-12-13
0.0,2009-12-14
0.0,2009-12-15
0.0,2009-12-16
0.0,2009-12-17
0.0,2009-12-18
0.0,2009-12-19
0.0,2009-12-20
0.0,2009-12-21
0.0,2009-12-22
0.0,2009-12-23
0.0,2009-12-24
0.0,2009-12-25
0.0,2009-12-26
0.0,2009-12-27
0.0,2009-12-28
0.0,2009-12-29
0.0,2009-12-30
0.0,2009-12-31
0.0,2010-01-01
0.0,2010-02-01
0.0,2010-03-01
0.0,2010-04-01
0.0,2010-05-01
0.0,2010-06-01
0.0,2010-07-01
0.0,2010-08-01
0.0,2010-09-01
0.0,2010-10-01
0.0,2010-11-01
0.0,2010-12-01
0.0,2010-01-13
8.49,2010-01-14
0.0,2010-01-15
0.0,2010-01-16
0.0,2010-01-17
0.0,2010-01-18
0.0,2010-01-19
0.0,2010-01-20
0.0,2010-01-21
0.0,2010-01-22
0.0,2010-01-23
0.0,2010-01-24
0.0,2010-01-25
0.0,2010-01-26
0.0,2010-01-27
0.0,2010-01-28
0.0,2010-01-29
0.0,2010-01-30
0.0,2010-01-31
0.0,2010-01-02
0.0,2010-02-02
0.0,2010-03-02
0.0,2010-04-02
0.0,2010-05-02
0.0,2010-06-02
0.0,2010-07-02
0.0,2010-08-02
0.0,2010-09-02
0.0,2010-10-02
0.0,2010-11-02
0.0,2010-12-02
0.0,2010-02-13
0.0,2010-02-14
0.0,2010-02-15
0.0,2010-02-16
0.0,2010-02-17
0.0,2010-02-18
0.0,2010-02-19
0.0,2010-02-20
0.0,2010-02-21
0.0,2010-02-22
0.0,2010-02-23
0.0,2010-02-24
0.0,2010-02-25
0.0,2010-02-26
0.0,2010-02-27
0.0,2010-02-28
0.0,2010-01-03
0.0,2010-02-03
0.0,2010-03-03
0.0,2010-04-03
0.0,2010-05-03
0.0,2010-06-03
0.0,2010-07-03
0.0,2010-08-03
0.0,2010-09-03
0.0,2010-10-03
0.0,2010-11-03
0.46,2010-12-03
0.0,2010-03-13
0.0,2010-03-14
0.0,2010-03-15
0.0,2010-03-16
0.0,2010-03-17
0.0,2010-03-18
0.0,2010-03-19
0.0,2010-03-20
0.0,2010-03-21
0.0,2010-03-22
0.0,2010-03-23
0.0,2010-03-24
0.0,2010-03-25
0.0,2010-03-26
0.0,2010-03-27
0.0,2010-03-28
0.0,2010-03-29
0.0,2010-03-30
0.0,2010-03-31
0.0,2010-01-04
0.0,2010-02-04
0.0,2010-03-04
0.0,2010-04-04
0.0,2010-05-04
0.0,2010-06-04
0.0,2010-07-04
0.0,2010-08-04
0.0,2010-09-04
0.0,2010-10-04
0.0,2010-11-04
0.0,2010-12-04
0.0,2010-04-13
0.0,2010-04-14
0.0,2010-04-15
0.0,2010-04-16
0.0,2010-04-17
0.0,2010-04-18
0.0,2010-04-19
0.0,2010-04-20
0.0,2010-04-21
0.0,2010-04-22
0.0,2010-04-23
0.0,2010-04-24
0.0,2010-04-25
0.0,2010-04-26
0.0,2010-04-27
0.0,2010-04-28
1.87,2010-04-29
0.0,2010-04-30
0.0,2010-01-05
0.0,2010-02-05
0.0,2010-03-05
3.48,2010-04-05
0.0,2010-05-05
1.64,2010-06-05
0.0,2010-07-05
0.33,2010-08-05
0.0,2010-09-05
0.0,2010-10-05
0.0,2010-11-05
0.0,2010-12-05
0.0,2010-05-13
2.13,2010-05-14
0.0,2010-05-15
0.0,2010-05-16
0.0,2010-05-17
0.0,2010-05-18
0.0,2010-05-19
0.0,2010-05-20
6.28,2010-05-21
6.1,2010-05-22
15.92,2010-05-23
0.0,2010-05-24
2.17,2010-05-25
0.16,2010-05-26
0.0,2010-05-27
1.77,2010-05-28
20.83,2010-05-29
0.0,2010-05-30
0.0,2010-05-31
0.0,2010-01-06
0.0,2010-02-06
0.0,2010-03-06
0.0,2010-04-06
6.32,2010-05-06
0.0,2010-06-06
0.0,2010-07-06
0.0,2010-08-06
6.53,2010-09-06
0.22,2010-10-06
0.0,2010-11-06
0.0,2010-12-06
0.0,2010-06-13
0.0,2010-06-14
0.0,2010-06-15
0.0,2010-06-16
1.24,2010-06-17
4.1,2010-06-18
0.0,2010-06-19
31.48,2010-06-20
0.0,2010-06-21
0.0,2010-06-22
0.0,2010-06-23
5.14,2010-06-24
5.86,2010-06-25
19.42,2010-06-26
2.57,2010-06-27
1.05,2010-06-28
15.34,2010-06-29
4.9,2010-06-30
2.41,2010-01-07
2.9,2010-02-07
8.46,2010-03-07
0.0,2010-04-07
2.25,2010-05-07
63.85,2010-06-07
3.82,2010-07-07
20.17,2010-08-07
0.6,2010-09-07
0.7,2010-10-07
39.21,2010-11-07
65.96,2010-12-07
12.27,2010-07-13
3.02,2010-07-14
0.8,2010-07-15
1.35,2010-07-16
4.98,2010-07-17
0.0,2010-07-18
1.73,2010-07-19
0.16,2010-07-20
0.21,2010-07-21
0.98,2010-07-22
10.09,2010-07-23
92.59,2010-07-24
33.71,2010-07-25
17.76,2010-07-26
10.31,2010-07-27
7.84,2010-07-28
19.88,2010-07-29
6.25,2010-07-30
0.45,2010-07-31
2.22,2010-01-08
15.56,2010-02-08
15.27,2010-03-08
14.54,2010-04-08
40.23,2010-05-08
108.93,2010-06-08
0.57,2010-07-08
0.0,2010-08-08
0.0,2010-09-08
0.0,2010-10-08
1.41,2010-11-08
4.09,2010-12-08
0.75,2010-08-13
4.93,2010-08-14
40.26,2010-08-15
4.41,2010-08-16
0.0,2010-08-17
5.5,2010-08-18
2.35,2010-08-19
0.41,2010-08-20
19.3,2010-08-21
0.0,2010-08-22
10.17,2010-08-23
0.21,2010-08-24
6.29,2010-08-25
17.27,2010-08-26
0.0,2010-08-27
1.1,2010-08-28
1.92,2010-08-29
10.63,2010-08-30
9.71,2010-08-31
0.85,2010-01-09
9.73,2010-02-09
7.07,2010-03-09
24.9,2010-04-09
16.74,2010-05-09
12.16,2010-06-09
12.35,2010-07-09
62.49,2010-08-09
0.59,2010-09-09
0.0,2010-10-09
2.0,2010-11-09
0.75,2010-12-09
6.69,2010-09-13
19.08,2010-09-14
57.02,2010-09-15
0.56,2010-09-16
24.7,2010-09-17
73.06,2010-09-18
33.27,2010-09-19
3.5,2010-09-20
0.0,2010-09-21
0.68,2010-09-22
0.0,2010-09-23
0.45,2010-09-24
0.0,2010-09-25
0.0,2010-09-26
0.0,2010-09-27
0.0,2010-09-28
9.32,2010-09-29
0.0,2010-09-30
0.0,2010-01-10
0.0,2010-02-10
0.0,2010-03-10
0.0,2010-04-10
0.0,2010-05-10
9.92,2010-06-10
1.11,2010-07-10
4.49,2010-08-10
0.28,2010-09-10
0.55,2010-10-10
0.0,2010-11-10
0.0,2010-12-10
0.0,2010-10-13
0.0,2010-10-14
20.01,2010-10-15
18.12,2010-10-16
0.78,2010-10-17
4.18,2010-10-18
0.0,2010-10-19
0.0,2010-10-20
0.0,2010-10-21
2.15,2010-10-22
0.37,2010-10-23
35.73,2010-10-24
0.0,2010-10-25
0.0,2010-10-26
0.0,2010-10-27
0.0,2010-10-28
0.0,2010-10-29
0.0,2010-10-30
2.26,2010-10-31
0.37,2010-01-11
0.0,2010-02-11
0.0,2010-03-11
0.0,2010-04-11
0.0,2010-05-11
0.0,2010-06-11
0.0,2010-07-11
0.0,2010-08-11
1.27,2010-09-11
0.0,2010-10-11
0.0,2010-11-11
0.0,2010-12-11
0.32,2010-11-13
0.0,2010-11-14
0.0,2010-11-15
0.0,2010-11-16
0.0,2010-11-17
0.0,2010-11-18
0.0,2010-11-19
0.0,2010-11-20
1.68,2010-11-21
0.0,2010-11-22
0.0,2010-11-23
0.0,2010-11-24
0.0,2010-11-25
0.0,2010-11-26
0.0,2010-11-27
0.0,2010-11-28
0.0,2010-11-29
0.0,2010-11-30
0.0,2010-01-12
0.0,2010-02-12
0.0,2010-03-12
0.0,2010-04-12
0.0,2010-05-12
2.37,2010-06-12
18.77,2010-07-12
12.96,2010-08-12
5.35,2010-09-12
2.92,2010-10-12
0.33,2010-11-12
0.0,2010-12-12
0.33,2010-12-13
0.0,2010-12-14
0.0,2010-12-15
0.0,2010-12-16
0.0,2010-12-17
0.0,2010-12-18
0.0,2010-12-19
0.0,2010-12-20
0.0,2010-12-21
0.0,2010-12-22
0.0,2010-12-23
0.0,2010-12-24
0.0,2010-12-25
0.0,2010-12-26
0.0,2010-12-27
0.0,2010-12-28
0.0,2010-12-29
0.0,2010-12-30
0.0,2010-12-31
0.0,2011-01-01
0.0,2011-02-01
0.0,2011-03-01
0.0,2011-04-01
0.0,2011-05-01
0.0,2011-06-01
0.0,2011-07-01
0.0,2011-09-01
0.0,2011-10-01
0.0,2011-11-01
0.0,2011-12-01
0.0,2011-01-14
0.0,2011-01-15
0.0,2011-01-16
0.0,2011-01-18
0.0,2011-01-21
0.0,2011-01-22
0.0,2011-01-23
0.0,2011-01-24
0.0,2011-01-25
0.0,2011-01-26
0.0,2011-01-27
0.0,2011-01-28
0.0,2011-01-29
0.0,2011-01-30
0.0,2011-01-31
0.0,2011-01-02
0.0,2011-02-02
0.0,2011-03-02
0.0,2011-04-02
0.0,2011-05-02
0.0,2011-06-02
0.0,2011-07-02
0.0,2011-08-02
0.0,2011-09-02
0.0,2011-10-02
0.0,2011-12-02
0.0,2011-02-13
0.0,2011-02-14
0.0,2011-02-15
0.0,2011-02-16
0.0,2011-02-17
0.0,2011-02-18
0.0,2011-02-19
0.0,2011-02-20
2.96,2011-02-21
0.0,2011-02-22
0.0,2011-02-23
0.12,2011-02-24
0.0,2011-02-25
0.48,2011-02-26
0.0,2011-02-27
0.0,2011-02-28
0.0,2011-01-03
0.0,2011-02-03
0.0,2011-03-03
0.0,2011-04-03
0.0,2011-05-03
0.0,2011-06-03
0.0,2011-07-03
0.0,2011-08-03
0.0,2011-09-03
0.0,2011-10-03
0.0,2011-11-03
0.0,2011-12-03
0.0,2011-03-13
0.0,2011-03-14
0.0,2011-03-15
0.0,2011-03-16
0.0,2011-03-17
0.0,2011-03-18
0.0,2011-03-19
0.0,2011-03-20
0.0,2011-03-21
0.0,2011-03-22
0.0,2011-03-23
0.0,2011-03-24
0.0,2011-03-25
0.0,2011-03-26
0.0,2011-03-27
0.0,2011-03-28
0.0,2011-03-29
0.0,2011-03-30
0.0,2011-03-31
0.0,2011-01-04
0.0,2011-02-04
0.0,2011-03-04
0.0,2011-04-04
0.0,2011-05-04
0.0,2011-06-04
0.0,2011-07-04
0.0,2011-08-04
0.0,2011-09-04
1.43,2011-10-04
0.0,2011-11-04
0.0,2011-12-04
0.0,2011-04-13
0.48,2011-04-14
0.0,2011-04-15
0.0,2011-04-16
3.13,2011-04-17
0.0,2011-04-18
0.0,2011-04-19
0.86,2011-04-20
0.0,2011-04-21
1.72,2011-04-22
0.0,2011-04-23
0.0,2011-04-24
0.0,2011-04-25
7.23,2011-04-26
4.02,2011-04-27
11.89,2011-04-28
0.0,2011-04-29
0.0,2011-04-30
0.0,2011-01-05
0.0,2011-02-05
0.0,2011-03-05
0.0,2011-04-05
0.0,2011-05-05
0.0,2011-06-05
0.63,2011-07-05
0.0,2011-08-05
0.0,2011-09-05
0.0,2011-10-05
0.0,2011-11-05
0.0,2011-12-05
0.0,2011-05-13
0.12,2011-05-14
0.0,2011-05-15
0.0,2011-05-16
0.0,2011-05-17
0.0,2011-05-18
0.0,2011-05-19
1.11,2011-05-20
0.0,2011-05-21
0.0,2011-05-22
0.0,2011-05-23
0.0,2011-05-24
0.86,2011-05-25
0.0,2011-05-26
22.28,2011-05-27
0.34,2011-05-28
0.0,2011-05-29
0.0,2011-05-30
0.0,2011-05-31
0.0,2011-01-06
0.0,2011-02-06
0.0,2011-03-06
0.0,2011-04-06
0.0,2011-05-06
5.96,2011-06-06
6.07,2011-07-06
0.0,2011-08-06
0.0,2011-09-06
0.0,2011-10-06
3.42,2011-11-06
0.0,2011-12-06
5.78,2011-06-13
13.49,2011-06-14
0.0,2011-06-15
9.52,2011-06-16
19.46,2011-06-17
10.98,2011-06-18
6.4,2011-06-19
3.38,2011-06-20
4.37,2011-06-21
5.05,2011-06-22
1.95,2011-06-23
0.68,2011-06-24
0.0,2011-06-25
0.0,2011-06-26
21.3,2011-06-27
0.0,2011-06-28
0.7,2011-06-29
3.85,2011-06-30
0.0,2011-01-07
0.0,2011-02-07
8.78,2011-03-07
4.51,2011-04-07
43.65,2011-05-07
3.46,2011-06-07
3.82,2011-07-07
0.0,2011-08-07
0.0,2011-09-07
0.0,2011-10-07
0.0,2011-11-07
0.0,2011-12-07
2.88,2011-07-13
3.78,2011-07-14
0.0,2011-07-15
1.86,2011-07-16
4.36,2011-07-17
6.45,2011-07-18
0.0,2011-07-19
0.0,2011-07-20
6.36,2011-07-21
11.75,2011-07-22
3.95,2011-07-23
0.72,2011-07-24
0.0,2011-07-25
5.64,2011-07-26
0.86,2011-07-27
1.88,2011-07-28
0.0,2011-07-29
6.04,2011-07-30
0.0,2011-07-31
25.1,2011-01-08
6.26,2011-02-08
45.55,2011-03-08
15.04,2011-04-08
7.8,2011-05-08
0.0,2011-06-08
0.0,2011-07-08
3.79,2011-08-08
9.07,2011-09-08
0.0,2011-10-08
5.64,2011-11-08
26.35,2011-12-08
14.63,2011-08-13
7.58,2011-08-14
0.0,2011-08-15
0.0,2011-08-16
8.95,2011-08-17
31.35,2011-08-18
33.56,2011-08-19
22.58,2011-08-20
0.6,2011-08-21
1.17,2011-08-22
0.0,2011-08-23
42.48,2011-08-24
2.17,2011-08-25
12.33,2011-08-26
27.22,2011-08-27
33.41,2011-08-28
5.77,2011-08-29
35.74,2011-08-30
8.04,2011-08-31
28.32,2011-01-09
10.29,2011-02-09
1.34,2011-03-09
6.47,2011-04-09
4.32,2011-05-09
53.97,2011-06-09
17.89,2011-07-09
7.41,2011-08-09
9.14,2011-09-09
6.42,2011-10-09
2.37,2011-11-09
0.0,2011-12-09
2.07,2011-09-13
2.38,2011-09-14
0.0,2011-09-15
12.66,2011-09-16
0.0,2011-09-17
0.2,2011-09-18
0.0,2011-09-19
16.45,2011-09-20
14.39,2011-09-21
0.0,2011-09-22
27.81,2011-09-23
14.13,2011-09-24
0.0,2011-09-25
0.0,2011-09-26
0.0,2011-09-27
0.0,2011-09-28
0.0,2011-09-29
0.0,2011-09-30
0.0,2011-01-10
0.0,2011-02-10
0.0,2011-03-10
0.0,2011-04-10
0.0,2011-05-10
0.0,2011-06-10
0.0,2011-07-10
1.25,2011-10-10
1.35,2011-10-13
0.0,2011-10-17
0.0,2011-10-22
0.0,2011-10-23
0.0,2011-10-24
0.0,2011-10-25
0.0,2011-10-26
0.0,2011-10-27
0.0,2011-10-28
0.0,2011-10-29
0.0,2011-10-30
0.0,2011-10-31
0.0,2011-01-11
0.0,2011-02-11
0.0,2011-03-11
0.0,2011-04-11
0.0,2011-05-11
0.0,2011-06-11
0.0,2011-07-11
0.0,2011-08-11
0.0,2011-09-11
0.0,2011-10-11
0.0,2011-11-11
0.0,2011-12-11
0.0,2011-11-13
0.0,2011-11-14
0.0,2011-11-15
0.0,2011-11-16
0.0,2011-11-17
0.0,2011-11-18
0.0,2011-11-19
0.0,2011-11-20
0.0,2011-11-21
0.0,2011-11-22
0.0,2011-11-23
0.0,2011-11-24
0.0,2011-11-25
0.0,2011-11-26
0.0,2011-11-27
0.0,2011-11-28
0.0,2011-11-29
0.0,2011-11-30
0.0,2011-01-12
0.0,2011-02-12
0.0,2011-03-12
0.0,2011-04-12
0.0,2011-05-12
0.0,2011-06-12
0.0,2011-07-12
0.0,2011-08-12
0.0,2011-09-12
0.0,2011-10-12
0.0,2011-11-12
0.0,2011-12-12
0.0,2011-12-13
0.0,2011-12-14
0.0,2011-12-15
0.0,2011-12-16
0.0,2011-12-17
0.0,2011-12-18
0.0,2011-12-19
0.0,2011-12-20
0.0,2011-12-21
0.0,2011-12-22
0.0,2011-12-23
0.0,2011-12-24
0.0,2011-12-25
0.0,2011-12-26
0.0,2011-12-27
0.0,2011-12-28
0.0,2011-12-29
0.0,2011-12-30
0.0,2011-12-31
0.0,2012-01-01
0.0,2012-02-01
0.0,2012-03-01
0.0,2012-04-01
0.0,2012-05-01
0.0,2012-06-01
0.0,2012-07-01
0.0,2012-08-01
0.0,2012-09-01
3.11,2012-10-01
0.4,2012-11-01
0.0,2012-12-01
0.0,2012-01-13
0.0,2012-01-14
0.0,2012-01-15
0.0,2012-01-16
0.0,2012-01-17
0.0,2012-01-18
0.0,2012-01-19
0.0,2012-01-20
0.0,2012-01-21
0.0,2012-01-22
0.0,2012-01-23
0.0,2012-01-24
0.0,2012-01-25
0.0,2012-01-26
0.2,2012-01-27
0.0,2012-01-28
0.0,2012-01-29
0.0,2012-01-30
0.3,2012-01-31
0.0,2012-01-02
0.0,2012-02-02
0.0,2012-03-02
0.0,2012-04-02
0.0,2012-05-02
0.0,2012-07-02
0.0,2012-08-02
0.0,2012-09-02
0.0,2012-10-02
0.0,2012-11-02
0.0,2012-12-02
0.0,2012-02-13
0.0,2012-02-14
0.0,2012-02-15
0.0,2012-02-16
0.9,2012-02-17
0.0,2012-02-18
0.0,2012-02-19
0.0,2012-02-20
0.0,2012-02-21
0.0,2012-02-22
0.0,2012-02-23
0.0,2012-02-24
0.0,2012-02-25
0.0,2012-02-26
0.0,2012-02-27
0.0,2012-02-28
0.0,2012-02-29
0.0,2012-01-03
0.0,2012-02-03
0.0,2012-03-03
0.0,2012-04-03
0.0,2012-05-03
0.0,2012-06-03
0.0,2012-07-03
0.0,2012-08-03
0.0,2012-09-03
0.0,2012-10-03
0.0,2012-11-03
0.0,2012-12-03
0.0,2012-03-13
0.0,2012-03-14
0.0,2012-03-15
0.0,2012-03-16
0.0,2012-03-17
0.0,2012-03-18
0.0,2012-03-19
0.0,2012-03-20
0.0,2012-03-21
0.0,2012-03-22
0.0,2012-03-23
0.0,2012-03-24
0.0,2012-03-25
0.0,2012-03-26
0.0,2012-03-27
0.0,2012-03-28
0.0,2012-03-29
0.0,2012-03-30
1.96,2012-03-31
0.0,2012-01-04
0.0,2012-02-04
0.0,2012-03-04
0.0,2012-04-04
0.0,2012-05-04
0.0,2012-06-04
0.0,2012-07-04
0.0,2012-08-04
1.0,2012-09-04
0.0,2012-10-04
0.0,2012-11-04
0.0,2012-12-04
0.0,2012-04-13
0.0,2012-04-14
0.0,2012-04-15
0.0,2012-04-16
0.0,2012-04-17
0.0,2012-04-18
0.0,2012-04-19
0.0,2012-04-20
0.0,2012-04-21
0.0,2012-04-22
0.79,2012-04-23
0.0,2012-04-24
0.0,2012-04-25
0.0,2012-04-26
5.09,2012-04-27
0.0,2012-04-28
0.3,2012-04-29
9.34,2012-04-30
3.5,2012-01-05
2.34,2012-02-05
0.0,2012-03-05
0.0,2012-04-05
0.0,2012-05-05
0.0,2012-06-05
0.0,2012-07-05
0.0,2012-08-05
0.0,2012-10-05
0.4,2012-05-15
0.0,2012-05-17
0.0,2012-05-18
0.0,2012-05-19
0.0,2012-05-20
0.0,2012-05-21
0.0,2012-05-22
0.0,2012-05-23
0.0,2012-05-24
0.0,2012-05-25
0.0,2012-05-26
0.0,2012-05-27
0.0,2012-05-28
0.0,2012-05-29
0.0,2012-05-30
0.0,2012-05-31
0.0,2012-01-06
0.0,2012-02-06
0.0,2012-03-06
0.0,2012-04-06
0.0,2012-05-06
0.0,2012-06-06
0.0,2012-07-06
0.0,2012-08-06
0.0,2012-09-06
0.0,2012-10-06
23.36,2012-11-06
0.0,2012-12-06
0.4,2012-06-13
0.0,2012-06-14
1.75,2012-06-15
15.76,2012-06-16
14.08,2012-06-17
0.58,2012-06-18
64.82,2012-06-19
46.03,2012-06-20
56.78,2012-06-21
25.57,2012-06-22
11.5,2012-06-23
0.0,2012-06-24
0.0,2012-06-25
0.4,2012-06-26
4.75,2012-06-27
0.0,2012-06-28
0.58,2012-06-29
0.0,2012-06-30
22.38,2012-01-07
0.21,2012-02-07
71.64,2012-03-07
12.09,2012-04-07
0.0,2012-05-07
16.5,2012-06-07
4.93,2012-07-07
7.24,2012-08-07
25.82,2012-09-07
1.59,2012-10-07
0.0,2012-11-07
0.0,2012-12-07
0.0,2012-07-13
4.19,2012-07-14
8.76,2012-07-15
1.17,2012-07-16
2.1,2012-07-17
12.26,2012-07-18
0.42,2012-07-19
0.0,2012-07-20
0.44,2012-07-21
12.64,2012-07-22
0.3,2012-07-23
0.0,2012-07-24
1.86,2012-07-25
16.11,2012-07-26
11.84,2012-07-27
2.01,2012-07-28
0.0,2012-07-29
88.66,2012-07-30
111.68,2012-07-31
0.63,2012-01-08
0.84,2012-02-08
40.91,2012-03-08
36.12,2012-04-08
17.12,2012-05-08
30.44,2012-06-08
1.68,2012-07-08
0.0,2012-08-08
0.53,2012-09-08
8.66,2012-10-08
4.13,2012-11-08
0.0,2012-12-08
0.0,2012-08-13
2.7,2012-08-14
2.92,2012-08-15
0.21,2012-08-16
9.55,2012-08-17
6.1,2012-08-18
21.95,2012-08-19
0.0,2012-08-20
0.0,2012-08-21
0.0,2012-08-22
0.0,2012-08-23
0.0,2012-08-24
3.45,2012-08-25
8.83,2012-08-26
7.64,2012-08-27
0.0,2012-08-28
0.0,2012-08-29
0.0,2012-08-30
15.98,2012-08-31
3.13,2012-01-09
0.0,2012-02-09
65.3,2012-03-09
75.59,2012-04-09
4.78,2012-05-09
2.1,2012-06-09
8.57,2012-07-09
0.0,2012-08-09
30.32,2012-09-09
5.16,2012-10-09
0.49,2012-11-09
7.83,2012-12-09
0.0,2012-09-13
1.06,2012-09-14
12.3,2012-09-15
0.0,2012-09-16
3.32,2012-09-17
18.8,2012-09-18
13.15,2012-09-19
0.0,2012-09-20
19.38,2012-09-21
0.0,2012-09-22
2.18,2012-09-23
0.73,2012-09-24
0.0,2012-09-25
0.0,2012-09-26
0.0,2012-09-27
0.0,2012-09-28
0.0,2012-09-29
6.5,2012-09-30
4.73,2012-01-10
11.59,2012-02-10
0.85,2012-03-10
6.18,2012-04-10
2.17,2012-05-10
0.0,2012-06-10
0.0,2012-07-10
0.0,2012-08-10
0.0,2012-09-10
0.0,2012-10-10
4.89,2012-11-10
0.0,2012-12-10
0.0,2012-10-13
0.0,2012-10-14
0.0,2012-10-15
0.0,2012-10-16
0.0,2012-10-17
0.0,2012-10-18
0.0,2012-10-19
0.0,2012-10-20
0.0,2012-10-21
0.0,2012-10-22
0.0,2012-10-23
0.0,2012-10-24
0.0,2012-10-25
0.0,2012-10-26
0.0,2012-10-27
0.0,2012-10-28
0.0,2012-10-29
0.0,2012-10-30
0.0,2012-10-31
0.0,2012-01-11
0.0,2012-02-11
3.85,2012-03-11
0.0,2012-04-11
0.0,2012-05-11
0.0,2012-06-11
8.93,2012-07-11
0.0,2012-08-11
0.0,2012-09-11
0.0,2012-10-11
0.0,2012-11-11
0.0,2012-12-11
0.0,2012-11-13
0.0,2012-11-14
0.0,2012-11-15
0.0,2012-11-16
0.0,2012-11-17
0.0,2012-11-18
0.0,2012-11-22
0.0,2012-11-29
0.0,2012-05-12
0.0,2012-06-12
0.0,2012-07-12
0.0,2012-08-12
0.0,2012-09-12
0.0,2012-11-12
0.0,2012-12-12
0.0,2012-12-15
0.0,2012-12-18
0.0,2012-12-19
0.0,2012-12-20
0.0,2012-12-21
0.0,2012-12-22
0.0,2012-12-23
0.0,2012-12-24
0.0,2012-12-25
0.0,2012-12-26
0.0,2012-12-27
0.0,2012-12-28
0.0,2012-12-29
0.0,2012-12-30
0.0,2012-12-31
0.0,2013-01-01
0.0,2013-02-01
0.69,2013-03-01
0.0,2013-04-01
0.0,2013-05-01
0.0,2013-06-01
0.0,2013-07-01
0.0,2013-08-01
0.0,2013-09-01
0.0,2013-10-01
0.0,2013-11-01
0.0,2013-12-01
0.0,2013-01-13
0.0,2013-01-14
0.0,2013-01-15
0.0,2013-01-16
0.0,2013-01-17
0.0,2013-01-18
0.0,2013-01-19
0.0,2013-01-20
0.0,2013-01-21
0.0,2013-01-22
0.0,2013-01-23
0.0,2013-01-24
0.0,2013-01-25
0.0,2013-01-26
0.0,2013-01-27
0.0,2013-01-28
0.0,2013-01-29
0.0,2013-01-30
0.0,2013-01-31
0.0,2013-01-02
0.0,2013-02-02
0.0,2013-03-02
0.0,2013-04-02
0.0,2013-05-02
0.0,2013-06-02
0.0,2013-07-02
0.0,2013-08-02
0.14,2013-09-02
0.0,2013-10-02
0.0,2013-11-02
0.0,2013-12-02
0.0,2013-02-13
0.0,2013-02-14
0.0,2013-02-15
0.0,2013-02-16
4.62,2013-02-17
1.43,2013-02-18
0.0,2013-02-19
0.0,2013-02-20
0.0,2013-02-21
0.0,2013-02-22
0.0,2013-02-23
0.0,2013-02-24
0.0,2013-02-25
0.0,2013-02-26
0.0,2013-02-27
0.0,2013-02-28
0.0,2013-01-03
0.0,2013-02-03
0.0,2013-03-03
0.0,2013-04-03
0.0,2013-05-03
0.0,2013-06-03
0.0,2013-07-03
0.0,2013-08-03
0.0,2013-09-03
0.0,2013-10-03
0.0,2013-11-03
0.0,2013-12-03
0.0,2013-03-13
0.0,2013-03-14
0.0,2013-03-15
0.0,2013-03-16
0.0,2013-03-17
0.0,2013-03-18
0.0,2013-03-19
0.0,2013-03-20
0.0,2013-03-21
0.0,2013-03-22
0.0,2013-03-23
0.0,2013-03-24
0.0,2013-03-25
0.0,2013-03-26
0.0,2013-03-27
0.0,2013-03-28
0.0,2013-03-29
0.0,2013-03-30
0.0,2013-03-31
0.0,2013-01-04
0.0,2013-02-04
0.0,2013-03-04
0.0,2013-04-04
0.0,2013-05-04
0.0,2013-06-04
0.0,2013-07-04
0.0,2013-08-04
0.0,2013-09-04
0.0,2013-10-04
0.0,2013-11-04
0.0,2013-12-04
0.0,2013-04-13
3.11,2013-04-14
0.33,2013-04-15
0.0,2013-04-16
0.0,2013-04-17
0.0,2013-04-18
0.0,2013-04-19
20.36,2013-04-20
10.85,2013-04-21
0.0,2013-04-25
0.0,2013-04-26
0.0,2013-04-30
0.0,2013-01-05
4.16,2013-02-05
0.33,2013-06-05
0.0,2013-07-05
0.0,2013-09-05
0.0,2013-10-05
0.0,2013-11-05
0.0,2013-12-05
0.0,2013-05-13
0.0,2013-05-14
1.3,2013-05-15
0.0,2013-05-16
0.0,2013-05-17
0.0,2013-05-18
0.0,2013-05-19
0.0,2013-05-20
0.0,2013-05-21
0.0,2013-05-22
0.0,2013-05-23
0.0,2013-05-24
0.0,2013-05-25
0.0,2013-05-26
4.45,2013-05-27
4.9,2013-05-28
0.0,2013-05-29
2.14,2013-05-30
3.93,2013-05-31
0.0,2013-01-06
2.89,2013-02-06
0.0,2013-03-06
0.0,2013-04-06
0.0,2013-05-06
34.96,2013-06-06
0.0,2013-07-06
0.0,2013-09-06
0.0,2013-10-06
0.0,2013-11-06
46.64,2013-06-13
4.05,2013-06-15
0.0,2013-06-18
0.0,2013-06-19
18.01,2013-06-20
0.44,2013-06-21
2.84,2013-06-22
5.09,2013-06-23
54.32,2013-06-24
130.65,2013-06-25
5.04,2013-06-26
0.52,2013-06-27
1.76,2013-06-28
0.0,2013-06-29
0.0,2013-06-30
4.19,2013-01-07
0.81,2013-02-07
0.0,2013-03-07
0.68,2013-04-07
35.3,2013-05-07
0.0,2013-06-07
0.69,2013-07-07
4.14,2013-08-07
4.58,2013-09-07
33.87,2013-10-07
6.12,2013-11-07
34.84,2013-12-07
0.87,2013-07-13
0.24,2013-07-14
4.47,2013-07-15
1.24,2013-07-16
0.65,2013-07-17
0.0,2013-07-18
0.0,2013-07-19
0.19,2013-07-20
29.88,2013-07-21
16.99,2013-07-22
66.71,2013-07-23
1.29,2013-07-24
8.07,2013-07-25
37.23,2013-07-26
39.27,2013-07-27
7.72,2013-07-28
7.69,2013-07-29
42.84,2013-07-30
122.59,2013-07-31
2.78,2013-01-08
6.91,2013-02-08
0.11,2013-03-08
3.92,2013-04-08
8.0,2013-05-08
8.01,2013-06-08
0.0,2013-07-08
12.83,2013-08-08
42.27,2013-09-08
5.76,2013-10-08
0.67,2013-11-08
1.57,2013-12-08
62.77,2013-08-13
1.8,2013-08-14
10.59,2013-08-15
3.57,2013-08-16
24.52,2013-08-17
10.03,2013-08-18
14.25,2013-08-19
33.52,2013-08-20
3.87,2013-08-21
0.0,2013-08-22
0.0,2013-08-23
0.0,2013-08-24
0.0,2013-08-25
0.0,2013-08-26
0.0,2013-08-27
22.12,2013-08-28
15.99,2013-08-29
0.0,2013-08-30
0.0,2013-08-31
7.08,2013-01-09
0.0,2013-02-09
2.37,2013-03-09
0.0,2013-04-09
6.18,2013-05-09
2.54,2013-06-09
23.07,2013-07-09
1.74,2013-08-09
0.55,2013-09-09
1.04,2013-10-09
0.0,2013-11-09
0.0,2013-12-09
0.0,2013-09-13
10.25,2013-09-14
2.52,2013-09-15
0.35,2013-09-16
2.88,2013-09-17
19.94,2013-09-18
1.14,2013-09-19
14.46,2013-09-20
2.02,2013-09-21
25.11,2013-09-22
0.52,2013-09-23
0.0,2013-09-24
0.0,2013-09-25
0.0,2013-09-26
4.72,2013-09-27
26.57,2013-09-28
37.33,2013-09-29
17.69,2013-09-30
44.66,2013-01-10
5.9,2013-02-10
2.27,2013-03-10
0.0,2013-04-10
1.0,2013-05-10
0.0,2013-06-10
0.0,2013-07-10
3.92,2013-08-10
1.87,2013-09-10
2.93,2013-10-10
7.21,2013-11-10
10.62,2013-12-10
54.87,2013-10-13
13.4,2013-10-14
0.0,2013-10-15
0.0,2013-10-16
0.0,2013-10-17
0.0,2013-10-18
0.0,2013-10-19
0.0,2013-10-20
0.0,2013-10-21
21.49,2013-10-22
3.48,2013-10-24
11.24,2013-10-25
2.39,2013-10-26
24.17,2013-10-27
4.83,2013-10-28
0.0,2013-10-29
0.0,2013-10-30
0.0,2013-10-31
0.0,2013-01-11
0.0,2013-02-11
0.0,2013-03-11
0.0,2013-04-11
0.0,2013-05-11
0.0,2013-06-11
0.0,2013-07-11
0.0,2013-08-11
0.0,2013-09-11
0.0,2013-10-11
0.0,2013-11-11
0.0,2013-12-11
0.0,2013-11-13
0.0,2013-11-14
0.0,2013-11-15
0.0,2013-11-16
0.0,2013-11-17
0.0,2013-11-18
0.0,2013-11-19
0.0,2013-11-20
0.0,2013-11-21
0.0,2013-11-22
0.0,2013-11-23
0.0,2013-11-24
0.0,2013-11-25
0.0,2013-11-26
0.0,2013-11-27
0.0,2013-11-28
0.0,2013-11-29
0.0,2013-11-30
0.0,2013-01-12
0.0,2013-02-12
0.0,2013-03-12
0.0,2013-04-12
0.0,2013-05-12
0.0,2013-07-12
0.0,2013-08-12
0.0,2013-09-12
0.0,2013-10-12
0.0,2013-11-12
0.0,2013-12-12
0.0,2013-12-13
0.0,2013-12-14
0.0,2013-12-16
0.0,2013-12-17
0.0,2013-12-18
0.0,2013-12-20
0.0,2013-12-21
0.0,2013-12-22
0.0,2013-12-23
0.0,2013-12-24
0.0,2013-12-25
0.0,2013-12-26
0.0,2013-12-27
0.0,2013-12-28
0.0,2013-12-29
0.0,2013-12-30
0.0,2013-12-31
0.0,2014-01-01
0.0,2014-02-01
0.0,2014-03-01
0.0,2014-04-01
0.0,2014-05-01
0.0,2014-06-01
0.0,2014-07-01
0.0,2014-08-01
0.0,2014-09-01
0.0,2014-10-01
0.0,2014-11-01
0.0,2014-12-01
0.0,2014-01-13
0.0,2014-01-14
0.0,2014-01-15
0.0,2014-01-16
0.0,2014-01-17
0.0,2014-01-18
0.0,2014-01-19
0.0,2014-01-20
0.0,2014-01-21
0.0,2014-01-22
0.0,2014-01-23
0.0,2014-01-24
0.0,2014-01-25
0.0,2014-01-26
0.0,2014-01-27
0.0,2014-01-28
0.0,2014-01-29
0.0,2014-01-30
0.0,2014-01-31
0.0,2014-01-02
0.0,2014-02-02
0.0,2014-03-02
0.0,2014-04-02
0.0,2014-05-02
0.0,2014-06-02
0.0,2014-07-02
0.0,2014-08-02
0.0,2014-09-02
0.0,2014-10-02
0.0,2014-11-02
0.0,2014-12-02
0.0,2014-02-13
0.0,2014-02-14
0.0,2014-02-15
0.0,2014-02-16
6.22,2014-02-17
0.0,2014-02-18
0.0,2014-02-19
0.0,2014-02-20
0.0,2014-02-21
0.0,2014-02-22
0.0,2014-02-23
0.0,2014-02-24
0.0,2014-02-25
0.0,2014-02-26
0.0,2014-02-27
0.0,2014-02-28
0.0,2014-01-03
0.0,2014-02-03
0.0,2014-03-03
0.0,2014-04-03
0.14,2014-05-03
0.0,2014-06-03
0.0,2014-07-03
0.0,2014-08-03
0.0,2014-09-03
0.84,2014-10-03
0.0,2014-11-03
0.0,2014-12-03
14.83,2014-03-13
0.0,2014-03-14
1.47,2014-03-15
0.0,2014-03-16
0.0,2014-03-17
5.5,2014-03-19
0.0,2014-03-21
0.0,2014-03-22
0.0,2014-03-23
0.0,2014-03-24
0.0,2014-03-25
0.0,2014-03-26
0.0,2014-03-27
0.0,2014-03-29
0.0,2014-03-30
0.0,2014-01-04
0.0,2014-02-04
0.0,2014-03-04
0.0,2014-04-04
0.0,2014-05-04
0.0,2014-06-04
0.0,2014-07-04
0.0,2014-08-04
0.7,2014-09-04
0.0,2014-10-04
0.0,2014-11-04
0.0,2014-12-04
0.0,2014-04-13
0.0,2014-04-14
0.56,2014-04-15
0.0,2014-04-16
0.28,2014-04-17
0.0,2014-04-18
0.0,2014-04-19
6.96,2014-04-20
0.0,2014-04-25
0.14,2014-04-29
0.0,2014-01-05
0.0,2014-03-05
0.0,2014-04-05
0.28,2014-06-05
0.0,2014-07-05
0.0,2014-08-05
0.51,2014-09-05
2.1,2014-10-05
1.68,2014-11-05
0.0,2014-12-05
0.0,2014-05-13
0.0,2014-05-14
0.0,2014-05-15
0.0,2014-05-16
0.0,2014-05-17
0.0,2014-05-18
0.0,2014-05-19
0.0,2014-05-20
0.0,2014-05-21
0.0,2014-05-22
0.0,2014-05-23
0.0,2014-05-24
0.0,2014-05-25
2.36,2014-05-26
217.34,2014-05-27
0.0,2014-05-28
0.0,2014-05-29
0.0,2014-05-30
0.0,2014-05-31
1.11,2014-01-06
0.0,2014-02-06
0.0,2014-03-06
0.0,2014-04-06
0.0,2014-05-06
0.0,2014-06-06
0.0,2014-07-06
0.0,2014-08-06
0.0,2014-09-06
0.0,2014-10-06
0.0,2014-11-06
0.0,2014-12-06
0.0,2014-06-13
0.0,2014-06-14
0.0,2014-06-15
0.0,2014-06-16
0.0,2014-06-17
21.75,2014-06-18
1.12,2014-06-19
12.6,2014-06-20
3.19,2014-06-21
0.0,2014-06-22
1.12,2014-06-23
0.0,2014-06-24
0.0,2014-06-25
9.58,2014-06-26
28.22,2014-06-27
0.0,2014-06-28
0.0,2014-06-29
0.0,2014-06-30
1.28,2014-01-07
0.0,2014-02-07
1.85,2014-03-07
4.18,2014-04-07
13.09,2014-05-07
0.0,2014-06-07
8.06,2014-07-07
0.81,2014-08-07
1.98,2014-09-07
0.67,2014-10-07
13.81,2014-11-07
0.0,2014-12-07
8.5,2014-07-13
30.71,2014-07-14
44.65,2014-07-15
9.59,2014-07-16
0.11,2014-07-17
5.9,2014-07-18
24.56,2014-07-19
13.72,2014-07-20
54.79,2014-07-21
93.97,2014-07-22
0.0,2014-07-23
0.67,2014-07-24
9.91,2014-07-25
12.62,2014-07-26
23.36,2014-07-27
6.13,2014-07-28
10.28,2014-07-29
44.18,2014-07-30
33.38,2014-07-31
1.31,2014-01-08
8.27,2014-02-08
60.84,2014-03-08
43.64,2014-04-08
87.09,2014-05-08
0.77,2014-06-08
0.43,2014-07-08
0.0,2014-08-08
18.78,2014-09-08
11.58,2014-10-08
6.51,2014-11-08
1.07,2014-12-08
36.23,2014-08-13
34.06,2014-08-14
8.07,2014-08-15
0.0,2014-08-16
9.41,2014-08-17
21.02,2014-08-18
2.92,2014-08-19
0.0,2014-08-20
3.63,2014-08-21
0.0,2014-08-22
6.41,2014-08-23
21.14,2014-08-24
2.86,2014-08-25
11.08,2014-08-26
8.19,2014-08-27
3.4,2014-08-28
4.02,2014-08-29
4.18,2014-08-30
2.08,2014-08-31
19.01,2014-01-09
25.19,2014-02-09
23.91,2014-03-09
6.2,2014-04-09
8.93,2014-05-09
20.83,2014-06-09
120.66,2014-07-09
2.71,2014-08-09
0.0,2014-09-09
0.87,2014-10-09
2.47,2014-11-09
1.68,2014-12-09
15.75,2014-09-13
45.47,2014-09-14
2.77,2014-09-15
14.59,2014-09-16
2.52,2014-09-17
0.0,2014-09-18
1.73,2014-09-19
15.15,2014-09-20
15.3,2014-09-21
2.36,2014-09-22
0.0,2014-09-23
0.0,2014-09-24
0.0,2014-09-25
0.0,2014-09-26
0.0,2014-09-27
0.0,2014-09-28
0.0,2014-09-29
0.0,2014-09-30
0.0,2014-01-10
0.0,2014-02-10
0.0,2014-03-10
0.0,2014-04-10
0.0,2014-05-10
0.0,2014-06-10
2.42,2014-07-10
0.0,2014-08-10
0.0,2014-09-10
0.0,2014-10-10
0.0,2014-11-10
7.26,2014-12-10
35.88,2014-10-13
6.39,2014-10-14
0.0,2014-10-15
0.0,2014-10-16
0.81,2014-10-17
0.0,2014-10-18
0.0,2014-10-19
0.0,2014-10-20
0.0,2014-10-21
4.41,2014-10-22
0.0,2014-10-23
0.0,2014-10-24
0.0,2014-10-25
0.0,2014-10-26
4.85,2014-10-27
0.0,2014-10-28
0.0,2014-10-29
0.0,2014-10-30
0.0,2014-10-31
0.0,2014-01-11
0.0,2014-02-11
0.0,2014-03-11
0.0,2014-04-11
0.0,2014-05-11
0.0,2014-06-11
0.0,2014-07-11
0.0,2014-08-11
0.0,2014-09-11
0.0,2014-10-11
0.0,2014-11-11
0.0,2014-12-11
0.0,2014-11-13
0.0,2014-11-14
0.0,2014-11-15
0.0,2014-11-16
0.0,2014-11-17
0.0,2014-11-18
0.0,2014-11-19
0.0,2014-11-20
0.0,2014-11-21
0.0,2014-11-22
0.0,2014-11-23
0.0,2014-11-24
0.0,2014-11-25
0.0,2014-11-26
0.0,2014-11-27
0.0,2014-11-28
0.0,2014-11-29
0.0,2014-11-30
0.0,2014-01-12
0.0,2014-02-12
0.0,2014-03-12
0.0,2014-04-12
0.0,2014-05-12
0.0,2014-06-12
0.0,2014-07-12
0.0,2014-08-12
0.0,2014-09-12
0.0,2014-10-12
0.0,2014-11-12
0.0,2014-12-12
0.0,2014-12-13
0.0,2014-12-14
0.0,2014-12-15
0.0,2014-12-16
0.0,2014-12-17
0.0,2014-12-18
0.0,2014-12-19
0.0,2014-12-20
0.0,2014-12-21
0.0,2014-12-22
0.0,2014-12-23
0.0,2014-12-24
0.0,2014-12-25
0.0,2014-12-26
0.0,2014-12-27
0.0,2014-12-28
0.0,2014-12-29
0.0,2014-12-30
0.0,2014-12-31
0.0,2015-01-01
0.92,2015-02-01
0.0,2015-03-01
26.76,2015-04-01
0.0,2015-05-01
0.0,2015-06-01
0.0,2015-07-01
0.0,2015-08-01
0.0,2015-09-01
0.0,2015-10-01
0.0,2015-11-01
0.0,2015-12-01
0.0,2015-01-13
0.0,2015-01-14
0.0,2015-01-15
0.0,2015-01-16
0.0,2015-01-17
0.0,2015-01-18
0.0,2015-01-19
0.0,2015-01-20
0.0,2015-01-21
0.0,2015-01-22
0.0,2015-01-23
0.0,2015-01-24
0.0,2015-01-25
0.0,2015-01-26
0.0,2015-01-27
0.0,2015-01-28
0.0,2015-01-29
0.0,2015-01-30
0.0,2015-01-31
0.0,2015-01-02
0.0,2015-02-02
0.0,2015-03-02
0.0,2015-04-02
0.0,2015-05-02
0.0,2015-06-02
0.0,2015-07-02
0.0,2015-08-02
0.0,2015-09-02
0.0,2015-10-02
0.0,2015-11-02
0.0,2015-12-02
0.1,2015-02-13
0.0,2015-02-14
0.0,2015-02-15
0.0,2015-02-16
0.0,2015-02-17
0.0,2015-02-18
0.0,2015-02-19
0.0,2015-02-20
0.0,2015-02-21
0.0,2015-02-22
0.0,2015-02-23
0.0,2015-02-24
0.0,2015-02-25
0.0,2015-02-26
0.0,2015-02-27
0.0,2015-02-28
0.0,2015-01-03
0.0,2015-02-03
0.0,2015-03-03
2.52,2015-04-03
0.0,2015-05-03
0.0,2015-06-03
0.0,2015-07-03
0.0,2015-08-03
0.0,2015-09-03
0.0,2015-10-03
0.0,2015-11-03
0.0,2015-12-03
0.0,2015-03-13
0.0,2015-03-14
0.0,2015-03-15
0.0,2015-03-16
0.0,2015-03-17
0.0,2015-03-18
0.0,2015-03-19
0.0,2015-03-20
0.0,2015-03-21
0.0,2015-03-22
0.0,2015-03-23
0.0,2015-03-24
0.0,2015-03-25
0.0,2015-03-26
0.0,2015-03-27
2.25,2015-03-28
0.0,2015-03-29
0.0,2015-03-30
0.0,2015-03-31
0.0,2015-01-04
0.0,2015-02-04
0.0,2015-03-04
0.0,2015-04-04
0.0,2015-05-04
0.0,2015-06-04
0.0,2015-07-04
3.5,2015-08-04
0.82,2015-09-04
1.26,2015-10-04
1.12,2015-11-04
0.84,2015-12-04
2.48,2015-04-13
9.55,2015-04-14
12.79,2015-04-15
0.0,2015-04-16
0.17,2015-04-17
0.0,2015-04-18
0.0,2015-04-19
0.0,2015-04-20
0.0,2015-04-21
0.0,2015-04-22
0.0,2015-04-23
17.41,2015-04-24
0.0,2015-04-25
14.16,2015-04-26
0.0,2015-04-27
0.0,2015-04-28
3.56,2015-04-29
0.0,2015-04-30
0.0,2015-01-05
0.0,2015-02-05
0.0,2015-03-05
0.0,2015-04-05
0.0,2015-05-05
3.37,2015-06-05
1.12,2015-07-05
0.0,2015-08-05
0.0,2015-09-05
0.0,2015-10-05
0.0,2015-11-05
0.0,2015-12-05
0.0,2015-05-13
11.95,2015-05-14
0.0,2015-05-15
2.73,2015-05-16
0.0,2015-05-17
0.0,2015-05-18
0.0,2015-05-19
0.0,2015-05-20
0.0,2015-05-21
0.0,2015-05-22
0.0,2015-05-23
0.0,2015-05-24
0.0,2015-05-25
0.0,2015-05-26
0.0,2015-05-27
0.0,2015-05-28
0.0,2015-05-29
0.0,2015-05-30
0.0,2015-05-31
6.97,2015-01-06
0.0,2015-02-06
17.41,2015-03-06
21.52,2015-04-06
0.24,2015-05-06
23.19,2015-06-06
3.01,2015-07-06
0.0,2015-08-06
0.0,2015-09-06
0.0,2015-10-06
0.0,2015-11-06
29.64,2015-12-06
0.0,2015-06-13
2.99,2015-06-14
4.66,2015-06-15
0.0,2015-06-16
16.29,2015-06-17
0.0,2015-06-18
5.71,2015-06-19
3.7,2015-06-20
23.54,2015-06-21
39.07,2015-06-22
10.37,2015-06-23
0.0,2015-06-24
0.0,2015-06-25
0.0,2015-06-26
0.41,2015-06-27
0.0,2015-06-28
20.29,2015-06-29
16.38,2015-06-30
10.91,2015-01-07
5.83,2015-02-07
16.68,2015-03-07
0.14,2015-04-07
0.0,2015-05-07
0.0,2015-06-07
0.0,2015-07-07
0.0,2015-08-07
27.28,2015-09-07
32.01,2015-10-07
34.87,2015-11-07
5.22,2015-12-07
11.95,2015-07-13
10.32,2015-07-14
28.3,2015-07-15
22.31,2015-07-16
22.51,2015-07-17
3.8,2015-07-18
7.84,2015-07-19
27.45,2015-07-20
0.0,2015-07-21
9.98,2015-07-22
17.85,2015-07-23
2.35,2015-07-24
12.05,2015-07-25
6.0,2015-07-26
7.06,2015-07-27
1.22,2015-07-28
0.33,2015-07-29
0.0,2015-07-30
1.19,2015-07-31
2.9,2015-01-08
6.58,2015-02-08
0.55,2015-03-08
3.56,2015-04-08
0.6,2015-05-08
0.28,2015-06-08
0.0,2015-07-08
0.56,2015-08-08
0.0,2015-09-08
6.29,2015-10-08
1.42,2015-11-08
15.06,2015-12-08
16.23,2015-08-13
0.69,2015-08-14
2.01,2015-08-15
0.0,2015-08-16
11.92,2015-08-17
0.89,2015-08-18
5.32,2015-08-19
18.13,2015-08-20
0.0,2015-08-21
9.74,2015-08-22
0.0,2015-08-23
3.18,2015-08-24
0.0,2015-08-25
1.93,2015-08-26
66.28,2015-08-27
18.38,2015-08-28
31.16,2015-08-29
2.72,2015-08-30
2.12,2015-08-31
3.91,2015-01-09
10.72,2015-02-09
7.42,2015-03-09
0.0,2015-04-09
0.0,2015-05-09
0.0,2015-06-09
2.87,2015-07-09
0.0,2015-08-09
0.0,2015-09-09
0.0,2015-10-09
5.64,2015-11-09
25.89,2015-12-09
5.46,2015-09-13
1.85,2015-09-14
29.78,2015-09-15
89.41,2015-09-16
34.21,2015-09-17
1.71,2015-09-18
1.49,2015-09-19
44.18,2015-09-20
17.18,2015-09-21
0.0,2015-09-22
0.0,2015-09-23
0.0,2015-09-24
0.0,2015-09-25
0.0,2015-09-26
0.0,2015-09-27
0.0,2015-09-28
0.0,2015-09-29
0.0,2015-09-30
0.0,2015-01-10
1.06,2015-02-10
0.0,2015-03-10
0.68,2015-04-10
13.0,2015-05-10
0.0,2015-07-10
0.0,2015-08-10
0.0,2015-09-10
0.0,2015-10-10
0.0,2015-11-10
0.0,2015-12-10
0.0,2015-10-13
1.25,2015-10-14
1.3,2015-10-15
0.0,2015-10-16
0.0,2015-10-18
0.0,2015-10-19
0.0,2015-10-20
0.0,2015-10-21
0.0,2015-10-22
0.0,2015-10-23
0.0,2015-10-24
0.0,2015-10-25
0.0,2015-10-26
0.0,2015-10-27
0.0,2015-10-28
0.0,2015-10-31
0.0,2015-01-11
0.0,2015-03-11
0.0,2015-04-11
0.0,2015-05-11
0.0,2015-06-11
0.0,2015-07-11
0.0,2015-08-11
0.0,2015-09-11
0.0,2015-10-11
0.0,2015-11-11
0.0,2015-12-11
0.0,2015-11-13
0.0,2015-11-14
0.0,2015-11-15
0.0,2015-11-16
0.0,2015-11-17
0.0,2015-11-18
0.0,2015-11-19
0.0,2015-11-20
0.0,2015-11-22
0.0,2015-11-23
0.0,2015-11-24
0.0,2015-11-25
0.0,2015-11-26
0.0,2015-11-27
0.0,2015-11-28
0.0,2015-11-29
0.0,2015-11-30
0.0,2015-01-12
0.0,2015-02-12
0.0,2015-04-12
0.0,2015-05-12
0.0,2015-06-12
0.0,2015-08-12
0.0,2015-11-12
8.76,2015-12-15
0.0,2015-12-19
0.0,2015-12-21
0.0,2015-12-22
0.0,2015-12-23
0.0,2015-12-25
0.0,2015-12-26
0.0,2015-12-27
0.0,2015-12-29
0.0,2015-12-30
0.0,2015-12-31
0.0,2016-01-01
0.0,2016-02-01
0.0,2016-04-01
0.0,2016-05-01
0.0,2016-07-01
0.0,2016-08-01
0.0,2016-09-01
0.0,2016-10-01
0.0,2016-11-01
0.0,2016-12-01
0.0,2016-01-13
0.0,2016-01-14
0.0,2016-01-15
0.0,2016-01-16
0.0,2016-01-17
0.0,2016-01-18
0.0,2016-01-19
0.0,2016-01-20
0.0,2016-01-21
0.0,2016-01-22
0.0,2016-01-23
0.0,2016-01-24
0.0,2016-01-25
0.0,2016-01-26
0.0,2016-01-27
0.0,2016-01-28
0.0,2016-01-29
0.0,2016-01-30
0.0,2016-01-31
0.0,2016-01-02
0.0,2016-02-02
0.0,2016-03-02
0.0,2016-04-02
0.0,2016-05-02
0.0,2016-06-02
0.0,2016-07-02
0.0,2016-08-02
0.0,2016-09-02
0.0,2016-10-02
0.0,2016-11-02
0.0,2016-12-02
0.0,2016-02-13
0.0,2016-02-14
0.0,2016-02-15
0.0,2016-02-16
0.0,2016-02-17
0.0,2016-02-18
0.0,2016-02-19
0.0,2016-02-20
0.0,2016-02-21
0.0,2016-02-22
0.0,2016-02-23
0.0,2016-02-24
0.0,2016-02-25
0.0,2016-02-26
1.5,2016-02-27
0.0,2016-02-28
0.0,2016-02-29
0.0,2016-01-03
0.0,2016-02-03
0.0,2016-03-03
0.0,2016-04-03
0.0,2016-05-03
0.0,2016-06-03
0.0,2016-07-03
0.0,2016-08-03
0.0,2016-09-03
0.0,2016-10-03
0.0,2016-11-03
0.0,2016-12-03
0.0,2016-03-13
0.0,2016-03-14
0.98,2016-03-15
6.68,2016-03-16
0.0,2016-03-17
0.0,2016-03-18
0.7,2016-03-19
0.0,2016-03-20
0.0,2016-03-21
0.0,2016-03-22
0.0,2016-03-23
0.0,2016-03-24
0.0,2016-03-25
0.0,2016-03-26
0.0,2016-03-27
0.0,2016-03-28
0.0,2016-03-29
0.0,2016-03-30
0.0,2016-03-31
0.35,2016-01-04
0.0,2016-02-04
0.0,2016-03-04
0.0,2016-04-04
0.0,2016-05-04
0.0,2016-06-04
0.0,2016-07-04
0.35,2016-08-04
0.0,2016-09-04
0.0,2016-10-04
0.0,2016-11-04
0.0,2016-12-04
0.0,2016-04-13
0.0,2016-04-14
0.0,2016-04-15
0.0,2016-04-16
0.0,2016-04-17
0.0,2016-04-18
1.47,2016-04-19
0.0,2016-04-20
0.0,2016-04-21
0.0,2016-04-22
0.0,2016-04-23
0.0,2016-04-24
0.0,2016-04-25
0.0,2016-04-26
4.66,2016-04-27
0.0,2016-04-28
0.0,2016-04-29
0.62,2016-04-30
0.0,2016-01-05
0.0,2016-02-05
0.0,2016-03-05
0.8,2016-04-05
3.35,2016-05-05
0.0,2016-06-05
0.0,2016-07-05
0.0,2016-08-05
0.0,2016-09-05
0.0,2016-10-05
0.0,2016-11-05
0.0,2016-12-05
0.0,2016-05-13
3.92,2016-05-14
0.35,2016-05-15
0.0,2016-05-16
0.0,2016-05-17
0.0,2016-05-18
0.0,2016-05-19
0.0,2016-05-20
0.0,2016-05-21
0.0,2016-05-22
0.0,2016-05-23
0.0,2016-05-24
0.0,2016-05-25
1.82,2016-05-26
0.0,2016-05-27
0.0,2016-05-28
0.0,2016-05-29
0.73,2016-05-30
0.0,2016-05-31
0.0,2016-01-06
0.0,2016-02-06
0.0,2016-03-06
2.05,2016-04-06
0.0,2016-05-06
0.0,2016-06-06
3.57,2016-07-06
0.0,2016-08-06
12.06,2016-09-06
0.0,2016-10-06
0.0,2016-11-06
20.75,2016-12-06
0.0,2016-06-13
0.0,2016-06-14
0.0,2016-06-15
0.0,2016-06-16
8.97,2016-06-17
0.17,2016-06-18
0.0,2016-06-19
0.74,2016-06-20
0.0,2016-06-21
0.0,2016-06-22
0.0,2016-06-23
45.26,2016-06-24
0.8,2016-06-25
0.0,2016-06-26
0.0,2016-06-27
5.95,2016-06-28
3.66,2016-06-29
7.83,2016-06-30
0.2,2016-01-07
28.75,2016-02-07
5.2,2016-03-07
5.48,2016-04-07
2.41,2016-05-07
0.0,2016-06-07
3.12,2016-07-07
14.27,2016-08-07
33.08,2016-09-07
23.08,2016-10-07
13.29,2016-11-07
0.67,2016-12-07
0.0,2016-07-13
0.4,2016-07-14
0.0,2016-07-15
42.15,2016-07-16
2.03,2016-07-17
24.58,2016-07-18
0.0,2016-07-19
2.49,2016-07-20
8.2,2016-07-21
2.36,2016-07-22
0.0,2016-07-23
3.0,2016-07-24
0.0,2016-07-25
3.74,2016-07-26
13.68,2016-07-27
0.0,2016-07-28
9.62,2016-07-29
1.95,2016-07-30
2.29,2016-07-31
1.5,2016-01-08
6.34,2016-02-08
0.42,2016-03-08
24.53,2016-04-08
42.42,2016-05-08
32.51,2016-06-08
11.21,2016-07-08
13.17,2016-08-08
1.0,2016-09-08
26.75,2016-10-08
20.17,2016-11-08
11.8,2016-12-08
0.0,2016-08-13
1.12,2016-08-14
0.0,2016-08-15
1.05,2016-08-16
4.42,2016-08-17
1.85,2016-08-18
0.0,2016-08-19
0.0,2016-08-20
0.14,2016-08-21
0.0,2016-08-22
0.0,2016-08-23
8.18,2016-08-24
20.37,2016-08-25
1.36,2016-08-26
4.15,2016-08-27
0.0,2016-08-28
0.0,2016-08-29
0.0,2016-08-30
1.4,2016-08-31
0.0,2016-01-09
4.05,2016-02-09
53.54,2016-03-09
55.17,2016-04-09
20.36,2016-05-09
5.61,2016-06-09
0.0,2016-07-09
24.29,2016-08-09
6.36,2016-09-09
24.1,2016-10-09
4.08,2016-11-09
9.83,2016-12-09
12.29,2016-09-13
18.54,2016-09-14
4.39,2016-09-15
1.75,2016-09-16
0.0,2016-09-17
0.0,2016-09-18
38.43,2016-09-19
12.8,2016-09-20
0.0,2016-09-21
11.37,2016-09-22
0.17,2016-09-23
0.0,2016-09-24
0.0,2016-09-25
7.89,2016-09-26
16.52,2016-09-27
2.0,2016-09-28
25.8,2016-09-29
4.1,2016-09-30
1.5,2016-01-10
4.39,2016-02-10
4.38,2016-03-10
4.78,2016-04-10
0.0,2016-05-10
2.94,2016-06-10
29.79,2016-07-10
0.88,2016-08-10
90.28,2016-09-10
12.69,2016-10-10
0.73,2016-11-10
0.0,2016-12-10
0.0,2016-10-13
0.0,2016-10-14
0.0,2016-10-15
0.0,2016-10-16
0.0,2016-10-17
0.0,2016-10-18
0.0,2016-10-19
0.0,2016-10-20
0.0,2016-10-21
0.0,2016-10-22
0.0,2016-10-23
0.0,2016-10-24
0.0,2016-10-25
0.0,2016-10-26
0.0,2016-10-27
0.0,2016-10-28
0.0,2016-10-29
0.0,2016-10-30
0.0,2016-10-31
0.0,2016-01-11
0.0,2016-02-11
0.0,2016-03-11
0.0,2016-04-11
0.0,2016-05-11
0.0,2016-06-11
0.0,2016-07-11
0.0,2016-08-11
0.0,2016-09-11
0.0,2016-10-11
0.0,2016-11-11
0.0,2016-12-11
0.0,2016-11-13
0.0,2016-11-14
0.0,2016-11-15
0.0,2016-11-16
0.0,2016-11-17
0.0,2016-11-18
0.0,2016-11-19
0.0,2016-11-20
0.0,2016-11-21
0.0,2016-11-22
0.0,2016-11-23
0.0,2016-11-24
0.0,2016-11-25
0.0,2016-11-26
0.0,2016-11-27
0.0,2016-11-28
0.0,2016-11-29
0.0,2016-11-30
0.0,2016-01-12
0.0,2016-02-12
0.0,2016-03-12
0.0,2016-04-12
0.0,2016-05-12
0.0,2016-06-12
0.0,2016-07-12
0.0,2016-08-12
0.0,2016-09-12
0.0,2016-10-12
0.0,2016-11-12
0.0,2016-12-12
0.0,2016-12-13
0.0,2016-12-14
0.0,2016-12-15
0.0,2016-12-16
0.0,2016-12-17
0.0,2016-12-18
0.0,2016-12-19
0.0,2016-12-20
0.0,2016-12-21
0.0,2016-12-22
0.0,2016-12-23
0.0,2016-12-24
0.0,2016-12-25
0.0,2016-12-26
0.0,2016-12-27
0.0,2016-12-28
0.0,2016-12-29
0.0,2016-12-30
0.0,2016-12-31
0.0,2017-01-01
0.0,2017-02-01
0.0,2017-03-01
0.0,2017-04-01
0.0,2017-05-01
0.0,2017-06-01
0.0,2017-07-01
0.0,2017-08-01
0.0,2017-09-01
0.0,2017-10-01
0.0,2017-11-01
0.0,2017-12-01
0.0,2017-01-13
0.0,2017-01-14
0.0,2017-01-15
0.0,2017-01-16
0.0,2017-01-17
0.0,2017-01-18
0.0,2017-01-19
0.0,2017-01-20
0.0,2017-01-21
0.0,2017-01-22
0.0,2017-01-23
0.0,2017-01-24
0.0,2017-01-25
0.0,2017-01-26
0.0,2017-01-27
0.0,2017-01-28
0.0,2017-01-29
0.0,2017-01-30
0.0,2017-01-31
0.0,2017-01-02
0.0,2017-02-02
0.0,2017-03-02
0.0,2017-04-02
0.0,2017-05-02
0.0,2017-06-02
0.0,2017-07-02
0.0,2017-08-02
0.0,2017-09-02
0.0,2017-10-02
0.0,2017-11-02
0.0,2017-12-02
0.0,2017-02-13
0.0,2017-02-14
0.0,2017-02-15
0.0,2017-02-16
0.0,2017-02-17
0.0,2017-02-18
0.0,2017-02-19
0.0,2017-02-20
0.0,2017-02-21
0.0,2017-02-22
0.0,2017-02-23
0.0,2017-02-24
0.0,2017-02-25
0.0,2017-02-26
0.0,2017-02-27
0.0,2017-02-28
0.0,2017-01-03
0.0,2017-02-03
0.0,2017-03-03
0.0,2017-04-03
0.0,2017-05-03
0.0,2017-06-03
0.0,2017-07-03
5.99,2017-08-03
2.65,2017-09-03
0.0,2017-10-03
1.06,2017-11-03
0.0,2017-12-03
0.0,2017-03-13
0.0,2017-03-14
0.0,2017-03-15
0.0,2017-03-16
0.0,2017-03-17
0.0,2017-03-18
0.0,2017-03-19
0.0,2017-03-20
0.0,2017-03-21
0.0,2017-03-22
0.0,2017-03-23
0.0,2017-03-24
0.0,2017-03-25
0.0,2017-03-26
0.0,2017-03-27
0.0,2017-03-28
0.0,2017-03-29
0.0,2017-03-30
0.0,2017-03-31
0.0,2017-01-04
0.0,2017-02-04
3.98,2017-03-04
0.0,2017-04-04
0.0,2017-05-04
0.0,2017-06-04
0.0,2017-07-04
0.0,2017-08-04
0.0,2017-09-04
0.0,2017-10-04
0.0,2017-11-04
0.0,2017-12-04
0.0,2017-04-13
0.0,2017-04-14
0.0,2017-04-15
0.0,2017-04-16
0.0,2017-04-17
0.0,2017-04-18
0.0,2017-04-19
0.16,2017-04-20
0.0,2017-04-21
0.59,2017-04-22
0.0,2017-04-23
0.0,2017-04-24
0.0,2017-04-25
0.0,2017-04-26
0.0,2017-04-27
0.0,2017-04-28
0.0,2017-04-29
0.0,2017-04-30
0.0,2017-01-05
0.0,2017-02-05
0.0,2017-03-05
0.0,2017-04-05
0.0,2017-05-05
0.35,2017-06-05
0.0,2017-07-05
0.0,2017-08-05
0.0,2017-09-05
0.0,2017-10-05
0.0,2017-11-05
0.0,2017-12-05
0.0,2017-05-13
0.0,2017-05-14
0.0,2017-05-15
0.0,2017-05-16
0.0,2017-05-17
0.0,2017-05-18
0.0,2017-05-19
0.0,2017-05-20
0.0,2017-05-21
0.0,2017-05-22
0.0,2017-05-23
0.0,2017-05-24
0.0,2017-05-25
0.0,2017-05-26
0.0,2017-05-27
4.55,2017-05-28
2.19,2017-05-29
0.0,2017-05-30
0.11,2017-05-31
0.0,2017-01-06
0.56,2017-02-06
0.0,2017-03-06
0.0,2017-04-06
0.0,2017-05-06
1.71,2017-06-06
0.0,2017-07-06
26.4,2017-08-06
0.0,2017-09-06
0.0,2017-10-06
3.94,2017-11-06
1.4,2017-12-06
11.16,2017-06-13
0.0,2017-06-14
0.0,2017-06-15
17.81,2017-06-16
0.0,2017-06-17
0.0,2017-06-18
8.26,2017-06-19
0.73,2017-06-20
23.94,2017-06-21
4.21,2017-06-22
3.68,2017-06-23
0.0,2017-06-24
1.27,2017-06-25
7.1,2017-06-26
7.82,2017-06-27
0.2,2017-06-28
0.0,2017-06-29
0.0,2017-06-30
25.08,2017-01-07
3.0,2017-02-07
1.01,2017-03-07
0.73,2017-04-07
1.66,2017-05-07
0.0,2017-06-07
0.0,2017-07-07
0.0,2017-08-07
0.0,2017-09-07
7.64,2017-10-07
20.36,2017-11-07
10.17,2017-12-07
10.48,2017-07-13
0.71,2017-07-14
3.81,2017-07-15
8.21,2017-07-16
23.99,2017-07-17
29.52,2017-07-18
23.83,2017-07-19
5.67,2017-07-20
0.0,2017-07-21
0.0,2017-07-22
0.44,2017-07-23
1.12,2017-07-24
2.8,2017-07-25
1.78,2017-07-26
5.16,2017-07-27
4.25,2017-07-28
0.3,2017-07-29
0.0,2017-07-30
2.44,2017-07-31
4.5,2017-01-08
3.4,2017-02-08
7.34,2017-03-08
0.0,2017-04-08
2.3,2017-05-08
18.78,2017-06-08
0.0,2017-07-08
5.86,2017-08-08
2.31,2017-09-08
1.95,2017-10-08
2.3,2017-11-08
0.0,2017-12-08
15.81,2017-08-13
13.08,2017-08-14
0.14,2017-08-15
3.7,2017-08-16
13.19,2017-08-17
30.07,2017-08-18
10.63,2017-08-19
1.51,2017-08-20
2.15,2017-08-21
0.59,2017-08-22
0.59,2017-08-23
32.31,2017-08-24
0.0,2017-08-25
2.31,2017-08-26
3.7,2017-08-27
44.41,2017-08-28
18.74,2017-08-29
2.72,2017-08-30
0.0,2017-08-31
5.76,2017-01-09
4.81,2017-02-09
0.0,2017-03-09
0.0,2017-04-09
0.0,2017-05-09
0.0,2017-06-09
7.46,2017-07-09
0.0,2017-08-09
1.05,2017-09-09
5.59,2017-10-09
0.0,2017-11-09
0.0,2017-12-09
1.1,2017-09-13
6.58,2017-09-14
1.02,2017-09-15
0.4,2017-09-16
46.83,2017-09-17
0.54,2017-09-18
8.39,2017-09-19
39.12,2017-09-20
0.0,2017-09-21
0.0,2017-09-22
0.0,2017-09-23
0.0,2017-09-24
0.74,2017-09-25
0.0,2017-09-26
0.13,2017-09-27
0.0,2017-09-28
25.01,2017-09-29
1.66,2017-09-30
1.6,2017-01-10
7.41,2017-02-10
9.6,2017-03-10
1.85,2017-04-10
3.93,2017-05-10
7.79,2017-06-10
21.53,2017-07-10
4.88,2017-08-10
18.7,2017-09-10
6.13,2017-10-10
0.28,2017-11-10
0.0,2017-12-10
0.0,2017-10-13
0.0,2017-10-14
0.0,2017-10-15
0.0,2017-10-16
0.0,2017-10-17
0.0,2017-10-18
0.0,2017-10-19
7.17,2017-10-20
0.35,2017-10-21
0.0,2017-10-22
0.0,2017-10-23
0.0,2017-10-24
0.0,2017-10-25
0.0,2017-10-26
0.0,2017-10-27
0.0,2017-10-28
0.0,2017-10-29
0.0,2017-10-30
0.0,2017-10-31
0.0,2017-01-11
0.0,2017-02-11
0.0,2017-03-11
0.0,2017-04-11
0.0,2017-05-11
0.0,2017-06-11
0.0,2017-07-11
0.0,2017-08-11
0.0,2017-09-11
0.0,2017-10-11
0.0,2017-11-11
0.0,2017-12-11
0.0,2017-11-13
0.0,2017-11-14
0.0,2017-11-15
0.0,2017-11-16
0.0,2017-11-17
0.0,2017-11-18
0.0,2017-11-19
0.0,2017-11-20
0.0,2017-11-21
0.0,2017-11-22
0.0,2017-11-23
0.0,2017-11-24
0.0,2017-11-25
0.0,2017-11-26
0.0,2017-11-27
0.0,2017-11-28
0.0,2017-11-29
0.0,2017-11-30
0.0,2017-01-12
0.0,2017-02-12
0.0,2017-03-12
0.0,2017-04-12
0.0,2017-05-12
0.0,2017-06-12
0.0,2017-07-12
0.0,2017-08-12
0.0,2017-09-12
0.0,2017-10-12
0.0,2017-11-12
0.0,2017-12-12
0.0,2017-12-13
0.0,2017-12-14
0.0,2017-12-15
0.0,2017-12-16
0.0,2017-12-17
0.0,2017-12-18
0.0,2017-12-19
0.0,2017-12-20
0.0,2017-12-21
0.0,2017-12-22
0.0,2017-12-23
0.0,2017-12-24
0.0,2017-12-25
0.0,2017-12-26
0.0,2017-12-27
0.0,2017-12-28
0.0,2017-12-29
0.0,2017-12-30
0.0,2017-12-31
0.0,2018-01-01
0.0,2018-02-01
0.0,2018-03-01
0.0,2018-04-01
0.0,2018-05-01
0.0,2018-06-01
0.0,2018-07-01
0.0,2018-08-01
0.0,2018-09-01
0.0,2018-10-01
0.0,2018-11-01
0.0,2018-12-01
0.0,2018-01-13
0.0,2018-01-14
0.0,2018-01-15
0.0,2018-01-16
0.0,2018-01-17
0.0,2018-01-18
0.0,2018-01-19
0.0,2018-01-20
0.0,2018-01-21
0.0,2018-01-22
0.0,2018-01-23
0.0,2018-01-24
0.0,2018-01-25
0.0,2018-01-26
0.0,2018-01-27
0.0,2018-01-28
0.0,2018-01-29
0.0,2018-01-30
0.0,2018-01-31
0.0,2018-01-02
0.0,2018-02-02
0.0,2018-03-02
0.0,2018-04-02
0.0,2018-05-02
0.0,2018-06-02
0.0,2018-07-02
0.0,2018-08-02
0.0,2018-09-02
0.0,2018-10-02
0.0,2018-11-02
1.6,2018-12-02
0.0,2018-02-13
0.0,2018-02-14
0.0,2018-02-15
0.0,2018-02-16
0.0,2018-02-17
0.0,2018-02-18
0.0,2018-02-19
0.0,2018-02-20
0.0,2018-02-21
0.0,2018-02-22
0.0,2018-02-23
0.0,2018-02-24
0.0,2018-02-25
0.0,2018-02-26
0.0,2018-02-27
0.0,2018-02-28
0.0,2018-01-03
0.0,2018-02-03
0.0,2018-03-03
0.0,2018-04-03
0.0,2018-05-03
0.0,2018-06-03
0.0,2018-07-03
0.0,2018-08-03
0.0,2018-09-03
0.0,2018-10-03
0.0,2018-11-03
0.0,2018-12-03
0.0,2018-03-13
0.0,2018-03-14
0.0,2018-03-15
0.0,2018-03-16
0.47,2018-03-17
0.0,2018-03-18
0.0,2018-03-19
0.0,2018-03-20
0.0,2018-03-21
0.0,2018-03-22
0.0,2018-03-23
0.0,2018-03-24
0.0,2018-03-25
0.0,2018-03-26
0.0,2018-03-27
0.0,2018-03-28
0.0,2018-03-29
0.0,2018-03-30
0.0,2018-03-31
0.0,2018-01-04
3.36,2018-02-04
0.0,2018-03-04
0.0,2018-04-04
0.73,2018-05-04
0.0,2018-06-04
0.0,2018-07-04
2.16,2018-08-04
0.0,2018-09-04
1.98,2018-10-04
0.0,2018-11-04
0.0,2018-12-04
3.5,2018-04-13
0.0,2018-04-14
0.0,2018-04-15
4.66,2018-04-16
0.0,2018-04-17
0.0,2018-04-18
0.0,2018-04-19
0.0,2018-04-20
5.73,2018-04-21
0.0,2018-04-22
0.0,2018-04-23
3.68,2018-04-24
0.0,2018-04-25
0.0,2018-04-26
0.0,2018-04-27
0.0,2018-04-28
4.95,2018-04-29
6.97,2018-04-30
0.0,2018-01-05
0.0,2018-02-05
5.44,2018-03-05
9.91,2018-04-05
0.0,2018-05-05
0.0,2018-06-05
0.0,2018-07-05
0.0,2018-08-05
0.0,2018-09-05
0.0,2018-10-05
0.76,2018-11-05
0.0,2018-12-05
0.0,2018-05-13
0.0,2018-05-14
0.0,2018-05-15
0.0,2018-05-16
0.0,2018-05-17
0.68,2018-05-18
0.81,2018-05-19
0.0,2018-05-20
11.25,2018-05-21
0.27,2018-05-22
0.0,2018-05-23
0.0,2018-05-24
0.0,2018-05-25
0.0,2018-05-26
0.0,2018-05-27
0.0,2018-05-28
0.0,2018-05-29
0.0,2018-05-30
11.27,2018-05-31
0.0,2018-01-06
0.0,2018-02-06
1.74,2018-03-06
3.64,2018-04-06
0.0,2018-05-06
2.59,2018-06-06
5.94,2018-07-06
0.0,2018-08-06
5.43,2018-09-06
0.71,2018-10-06
1.76,2018-11-06
15.67,2018-12-06
2.54,2018-06-13
0.91,2018-06-14
0.0,2018-06-15
0.0,2018-06-16
2.24,2018-06-17
0.87,2018-06-18
0.0,2018-06-19
2.1,2018-06-20
4.97,2018-06-21
22.2,2018-06-22
0.0,2018-06-23
0.0,2018-06-24
0.0,2018-06-25
0.0,2018-06-26
1.04,2018-06-27
9.31,2018-06-28
0.24,2018-06-29
0.0,2018-06-30
2.75,2018-01-07
28.69,2018-02-07
23.28,2018-03-07
0.87,2018-04-07
3.92,2018-05-07
0.0,2018-06-07
0.0,2018-07-07
4.42,2018-08-07
4.42,2018-09-07
8.32,2018-10-07
1.71,2018-11-07
1.56,2018-12-07
32.61,2018-07-13
11.88,2018-07-14
31.59,2018-07-15
73.4,2018-07-16
13.34,2018-07-17
0.0,2018-07-18
10.72,2018-07-19
3.25,2018-07-20
104.8,2018-07-21
36.96,2018-07-22
7.3,2018-07-23
0.0,2018-07-24
0.0,2018-07-25
0.0,2018-07-26
0.18,2018-07-27
0.91,2018-07-28
0.0,2018-07-29
13.07,2018-07-30
3.63,2018-07-31
4.51,2018-01-08
0.0,2018-02-08
0.0,2018-03-08
1.71,2018-04-08
0.0,2018-05-08
0.0,2018-06-08
2.98,2018-07-08
32.32,2018-08-08
14.58,2018-09-08
0.49,2018-10-08
7.53,2018-11-08
63.4,2018-12-08
6.39,2018-08-13
71.62,2018-08-14
35.18,2018-08-15
56.45,2018-08-16
0.0,2018-08-17
0.67,2018-08-18
3.88,2018-08-19
26.68,2018-08-20
1.48,2018-08-21
0.0,2018-08-22
1.72,2018-08-23
1.1,2018-08-24
0.0,2018-08-25
48.36,2018-08-26
108.28,2018-08-27
1.14,2018-08-28
0.82,2018-08-29
0.31,2018-08-30
2.75,2018-08-31
1.02,2018-01-09
12.9,2018-02-09
1.07,2018-03-09
1.63,2018-04-09
11.0,2018-05-09
38.75,2018-06-09
15.83,2018-07-09
13.08,2018-08-09
0.0,2018-09-09
0.0,2018-10-09
0.0,2018-11-09
1.59,2018-12-09
0.0,2018-09-13
0.0,2018-09-14
0.0,2018-09-15
0.0,2018-09-16
29.04,2018-09-17
13.88,2018-09-18
0.0,2018-09-19
0.49,2018-09-20
27.96,2018-09-21
2.49,2018-09-22
0.0,2018-09-23
0.0,2018-09-24
13.64,2018-09-25
0.0,2018-09-26
0.35,2018-09-27
0.0,2018-09-28
0.0,2018-09-29
0.0,2018-09-30
0.0,2018-01-10
0.0,2018-02-10
0.0,2018-03-10
0.0,2018-04-10
0.0,2018-05-10
0.0,2018-06-10
0.0,2018-07-10
0.0,2018-08-10
0.0,2018-09-10
0.0,2018-10-10
0.0,2018-11-10
23.42,2018-12-10
0.49,2018-10-13
0.0,2018-10-14
0.0,2018-10-15
0.0,2018-10-16
0.0,2018-10-17
0.0,2018-10-18
0.0,2018-10-19
0.0,2018-10-20
0.0,2018-10-21
0.0,2018-10-22
0.0,2018-10-23
0.0,2018-10-24
0.0,2018-10-25
0.0,2018-10-26
0.0,2018-10-27
0.0,2018-10-28
0.0,2018-10-29
0.0,2018-10-30
0.0,2018-10-31
0.0,2018-01-11
0.0,2018-02-11
0.0,2018-03-11
0.0,2018-04-11
0.0,2018-05-11
0.0,2018-06-11
0.0,2018-07-11
0.0,2018-08-11
0.0,2018-09-11
0.0,2018-10-11
0.0,2018-11-11
0.0,2018-12-11
0.0,2018-11-13
0.0,2018-11-14
0.0,2018-11-15
0.0,2018-11-16
0.0,2018-11-17
0.0,2018-11-18
0.0,2018-11-19
0.0,2018-11-20
0.0,2018-11-21
0.0,2018-11-22
0.0,2018-11-23
0.0,2018-11-24
0.0,2018-11-25
0.0,2018-11-26
0.0,2018-11-27
0.0,2018-11-28
0.0,2018-11-29
0.0,2018-11-30
0.0,2018-01-12
0.0,2018-02-12
0.0,2018-03-12
0.0,2018-04-12
0.0,2018-05-12
0.0,2018-06-12
0.0,2018-07-12
0.0,2018-08-12
0.0,2018-09-12
0.0,2018-10-12
0.0,2018-11-12
0.0,2018-12-12
0.0,2018-12-13
0.0,2018-12-14
0.0,2018-12-15
0.0,2018-12-16
23.61,2018-12-17
44.59,2018-12-18
0.84,2018-12-19
0.0,2018-12-20
0.0,2018-12-21
0.0,2018-12-22
0.0,2018-12-23
0.0,2018-12-24
0.0,2018-12-25
0.0,2018-12-26
0.0,2018-12-27
0.0,2018-12-28
0.0,2018-12-29
0.0,2018-12-30
0.0,2018-12-31
0.0,2019-01-01
0.0,2019-02-01
0.0,2019-03-01
0.0,2019-04-01
0.0,2019-05-01
0.0,2019-06-01
0.0,2019-07-01
0.0,2019-08-01
0.0,2019-09-01
0.0,2019-10-01
0.0,2019-11-01
0.0,2019-12-01
0.0,2019-01-13
0.0,2019-01-14
0.0,2019-01-15
0.0,2019-01-16
0.0,2019-01-17
0.0,2019-01-18
0.0,2019-01-19
0.0,2019-01-20
0.0,2019-01-21
0.0,2019-01-22
0.0,2019-01-23
0.0,2019-01-24
0.0,2019-01-25
0.0,2019-01-26
0.7,2019-01-27
1.68,2019-01-28
0.0,2019-01-29
0.0,2019-01-30
0.0,2019-01-31
0.0,2019-01-02
0.0,2019-02-02
0.0,2019-03-02
0.0,2019-04-02
0.0,2019-05-02
0.0,2019-06-02
0.0,2019-07-02
0.0,2019-08-02
0.0,2019-09-02
0.0,2019-10-02
0.0,2019-11-02
0.0,2019-12-02
0.0,2019-02-13
0.0,2019-02-14
0.0,2019-02-15
11.77,2019-02-16
0.0,2019-02-17
0.0,2019-02-18
0.0,2019-02-19
0.0,2019-02-20
0.0,2019-02-21
0.0,2019-02-22
0.0,2019-02-23
0.0,2019-02-24
1.05,2019-02-25
0.0,2019-02-26
0.0,2019-02-27
3.49,2019-02-28
0.0,2019-01-03
0.0,2019-02-03
0.0,2019-03-03
0.0,2019-04-03
0.0,2019-05-03
0.0,2019-06-03
0.0,2019-07-03
0.0,2019-08-03
0.0,2019-09-03
0.0,2019-10-03
0.0,2019-11-03
0.0,2019-12-03
0.0,2019-03-13
0.0,2019-03-14
0.0,2019-03-15
0.0,2019-03-16
0.0,2019-03-17
2.66,2019-03-18
0.0,2019-03-19
0.0,2019-03-20
14.17,2019-03-21
0.0,2019-03-22
0.0,2019-03-23
0.0,2019-03-24
0.0,2019-03-25
0.0,2019-03-26
0.0,2019-03-27
0.0,2019-03-28
0.0,2019-03-29
0.0,2019-03-30
0.0,2019-03-31
0.0,2019-01-04
0.0,2019-02-04
0.0,2019-03-04
0.0,2019-04-04
0.0,2019-05-04
0.0,2019-06-04
0.0,2019-07-04
0.0,2019-08-04
0.0,2019-09-04
3.07,2019-10-04
0.0,2019-11-04
0.35,2019-12-04
0.0,2019-04-13
0.0,2019-04-14
0.0,2019-04-15
0.64,2019-04-16
0.0,2019-04-17
0.0,2019-04-18
4.85,2019-04-19
11.01,2019-04-20
0.0,2019-04-21
0.0,2019-04-22
0.0,2019-04-23
0.0,2019-04-24
0.0,2019-04-25
0.0,2019-04-26
0.0,2019-04-27
0.0,2019-04-28
0.0,2019-04-29
0.0,2019-04-30
0.0,2019-01-05
0.0,2019-02-05
0.0,2019-03-05
4.07,2019-04-05
0.0,2019-05-05
0.0,2019-06-05
0.0,2019-07-05
0.0,2019-08-05
0.0,2019-09-05
0.0,2019-10-05
0.0,2019-11-05
0.0,2019-12-05
0.5,2019-05-13
0.0,2019-05-14
0.0,2019-05-15
0.0,2019-05-16
0.0,2019-05-17
0.0,2019-05-18
0.0,2019-05-19
0.0,2019-05-20
0.0,2019-05-21
0.0,2019-05-22
0.0,2019-05-23
0.0,2019-05-24
0.0,2019-05-25
0.0,2019-05-26
0.0,2019-05-27
1.4,2019-05-28
0.2,2019-05-29
0.0,2019-05-30
0.0,2019-05-31
8.33,2019-01-06
0.0,2019-02-06
21.01,2019-03-06
12.51,2019-04-06
0.0,2019-05-06
0.2,2019-06-06
7.76,2019-07-06
0.0,2019-08-06
0.0,2019-09-06
0.0,2019-10-06
0.0,2019-11-06
0.0,2019-12-06
0.0,2019-06-13
7.56,2019-06-14
2.05,2019-06-15
4.68,2019-06-16
16.07,2019-06-17
0.4,2019-06-18
0.36,2019-06-19
0.0,2019-06-20
20.43,2019-06-21
32.61,2019-06-22
4.91,2019-06-23
0.0,2019-06-24
0.0,2019-06-25
0.0,2019-06-26
0.0,2019-06-27
2.19,2019-06-28
0.0,2019-06-29
0.0,2019-06-30
9.51,2019-01-07
48.13,2019-02-07
17.44,2019-03-07
6.95,2019-04-07
11.02,2019-05-07
36.68,2019-06-07
0.0,2019-07-07
1.42,2019-08-07
0.2,2019-09-07
0.7,2019-10-07
5.16,2019-11-07
0.0,2019-12-07
0.0,2019-07-13
4.63,2019-07-14
0.0,2019-07-15
0.2,2019-07-16
0.25,2019-07-17
28.02,2019-07-18
9.68,2019-07-19
1.81,2019-07-20
0.0,2019-07-21
0.0,2019-07-22
1.22,2019-07-23
6.37,2019-07-24
2.17,2019-07-25
8.34,2019-07-26
23.08,2019-07-27
6.19,2019-07-28
12.36,2019-07-29
19.08,2019-07-30
3.76,2019-07-31
0.92,2019-01-08
0.0,2019-02-08
1.68,2019-03-08
0.7,2019-04-08
1.78,2019-05-08
0.0,2019-06-08
36.64,2019-07-08
61.26,2019-08-08
1.13,2019-09-08
1.05,2019-10-08
1.29,2019-11-08
16.5,2019-12-08
155.99,2019-08-13
64.07,2019-08-14
0.0,2019-08-15
0.0,2019-08-16
0.76,2019-08-17
8.21,2019-08-18
10.31,2019-08-19
14.45,2019-08-20
0.0,2019-08-21
5.79,2019-08-22
0.0,2019-08-23
4.25,2019-08-24
25.86,2019-08-25
35.05,2019-08-26
11.62,2019-08-27
0.0,2019-08-28
0.67,2019-08-29
3.69,2019-08-30
0.5,2019-08-31
22.73,2019-01-09
10.66,2019-02-09
7.85,2019-03-09
27.91,2019-04-09
12.34,2019-05-09
50.41,2019-06-09
23.94,2019-07-09
20.41,2019-08-09
3.94,2019-09-09
10.33,2019-10-09
0.7,2019-11-09
2.15,2019-12-09
7.78,2019-09-13
0.0,2019-09-14
0.0,2019-09-15
6.19,2019-09-16
0.0,2019-09-17
0.0,2019-09-18
3.85,2019-09-19
0.0,2019-09-20
0.0,2019-09-21
0.0,2019-09-22
0.0,2019-09-23
0.0,2019-09-24
14.94,2019-09-25
10.5,2019-09-26
0.0,2019-09-27
0.0,2019-09-28
0.95,2019-09-29
22.45,2019-09-30
17.69,2019-01-10
4.62,2019-02-10
19.36,2019-03-10
1.41,2019-04-10
0.0,2019-05-10
1.4,2019-06-10
0.0,2019-07-10
0.0,2019-08-10
0.0,2019-09-10
0.0,2019-10-10
0.0,2019-11-10
0.0,2019-12-10
0.0,2019-10-13
0.0,2019-10-14
0.0,2019-10-15
0.0,2019-10-16
0.0,2019-10-18
0.86,2019-10-19
0.0,2019-10-20
0.0,2019-10-21
0.0,2019-10-22
0.0,2019-10-23
6.07,2019-10-24
22.14,2019-10-25
0.7,2019-10-26
0.0,2019-10-27
0.0,2019-10-28
0.0,2019-10-29
0.0,2019-10-30
0.0,2019-10-31
2.05,2019-01-11
0.0,2019-02-11
0.0,2019-03-11
0.0,2019-04-11
0.0,2019-05-11
0.0,2019-06-11
0.0,2019-07-11
0.0,2019-08-11
0.0,2019-09-11
0.0,2019-10-11
0.0,2019-11-11
0.0,2019-12-11
0.0,2019-11-13
0.0,2019-11-14
0.0,2019-11-15
0.0,2019-11-16
0.0,2019-11-17
0.0,2019-11-18
0.0,2019-11-19
0.0,2019-11-20
0.0,2019-11-21
0.0,2019-11-22
0.0,2019-11-23
0.0,2019-11-24
0.0,2019-11-25
0.0,2019-11-26
0.0,2019-11-27
0.0,2019-11-28
0.0,2019-11-29
0.0,2019-11-30
0.0,2019-01-12
0.0,2019-02-12
0.0,2019-03-12
0.0,2019-04-12
0.0,2019-05-12
0.0,2019-06-12
0.0,2019-07-12
0.0,2019-08-12
0.0,2019-09-12
0.0,2019-10-12
0.0,2019-11-12
0.0,2019-12-12
0.0,2019-12-13
0.0,2019-12-14
0.0,2019-12-15
0.0,2019-12-16
0.0,2019-12-17
0.0,2019-12-18
0.0,2019-12-19
0.0,2019-12-20
0.0,2019-12-21
0.0,2019-12-22
0.0,2019-12-23
0.0,2019-12-24
0.0,2019-12-25
0.0,2019-12-26
0.35,2019-12-27
0.0,2019-12-28
0.0,2019-12-29
0.0,2019-12-30
0.0,2019-12-31
0.0,2020-01-01
0.0,2020-02-01
0.2,2020-03-01
6.51,2020-04-01
0.0,2020-05-01
0.0,2020-06-01
0.0,2020-07-01
0.0,2020-08-01
0.0,2020-09-01
0.0,2020-10-01
0.0,2020-11-01
0.0,2020-12-01
0.0,2020-01-13
0.0,2020-01-14
0.0,2020-01-15
0.0,2020-01-16
0.0,2020-01-17
0.0,2020-01-18
0.0,2020-01-19
0.0,2020-01-20
0.0,2020-01-21
0.0,2020-01-22
0.0,2020-01-23
0.0,2020-01-24
0.0,2020-01-25
0.0,2020-01-26
0.0,2020-01-27
0.0,2020-01-28
0.0,2020-01-29
0.0,2020-01-30
0.0,2020-01-31
0.0,2020-01-02
0.0,2020-02-02
0.0,2020-03-02
0.0,2020-04-02
6.39,2020-05-02
0.0,2020-06-02
0.7,2020-07-02
7.34,2020-08-02
7.77,2020-09-02
0.0,2020-10-02
0.0,2020-11-02
0.0,2020-12-02
0.0,2020-02-13
0.0,2020-02-14
0.0,2020-02-15
0.0,2020-02-16
0.0,2020-02-17
0.0,2020-02-18
0.0,2020-02-19
0.0,2020-02-20
0.0,2020-02-21
0.0,2020-02-22
0.0,2020-02-23
0.0,2020-02-24
9.67,2020-02-25
7.87,2020-02-26
0.0,2020-02-27
0.0,2020-02-28
0.0,2020-02-29
0.0,2020-01-03
0.0,2020-02-03
0.0,2020-03-03
0.0,2020-04-03
6.74,2020-05-03
20.71,2020-06-03
4.39,2020-07-03
3.35,2020-08-03
4.63,2020-09-03
0.0,2020-10-03
0.0,2020-11-03
0.0,2020-12-03
0.0,2020-03-13
0.0,2020-03-14
0.0,2020-03-15
6.55,2020-03-16
0.0,2020-03-17
0.0,2020-03-18
0.0,2020-03-19
5.78,2020-03-20
0.0,2020-03-21
4.63,2020-03-22
0.0,2020-03-23
0.0,2020-03-24
0.0,2020-03-25
0.0,2020-03-26
0.0,2020-03-27
0.0,2020-03-28
2.37,2020-03-29
3.8,2020-03-30
0.0,2020-03-31
0.0,2020-01-04
0.0,2020-02-04
0.0,2020-03-04
0.14,2020-04-04
0.0,2020-05-04
0.0,2020-06-04
0.48,2020-07-04
14.34,2020-08-04
1.24,2020-09-04
7.67,2020-10-04
0.0,2020-11-04
0.0,2020-12-04
0.0,2020-04-13
1.61,2020-04-14
0.0,2020-04-15
0.0,2020-04-16
0.0,2020-04-17
0.0,2020-04-18
2.58,2020-04-19
0.0,2020-04-20
0.0,2020-04-21
4.05,2020-04-22
13.74,2020-04-23
0.85,2020-04-24
0.0,2020-04-25
3.54,2020-04-26
2.04,2020-04-27
3.65,2020-04-28
0.0,2020-04-29
0.0,2020-04-30
0.0,2020-01-05
2.67,2020-02-05
0.0,2020-03-05
0.0,2020-04-05
8.17,2020-05-05
0.5,2020-06-05
0.3,2020-07-05
0.0,2020-08-05
12.7,2020-09-05
0.0,2020-10-05
0.0,2020-11-05
0.0,2020-12-05
0.0,2020-05-13
0.0,2020-05-14
0.0,2020-05-15
0.0,2020-05-16
2.1,2020-05-17
0.0,2020-05-18
0.0,2020-05-19
0.0,2020-05-20
0.0,2020-05-21
0.0,2020-05-22
0.0,2020-05-23
0.0,2020-05-24
0.0,2020-05-25
0.0,2020-05-26
0.0,2020-05-27
0.0,2020-05-28
0.0,2020-05-29
9.68,2020-05-30
0.2,2020-05-31
0.0,2020-01-06
0.0,2020-02-06
1.61,2020-03-06
0.0,2020-04-06
0.0,2020-05-06
0.0,2020-06-06
0.0,2020-07-06
0.49,2020-08-06
2.38,2020-09-06
3.15,2020-10-06
0.0,2020-11-06
1.75,2020-12-06
15.79,2020-06-13
0.0,2020-06-14
2.94,2020-06-15
14.32,2020-06-16
19.73,2020-06-17
0.3,2020-06-18
0.0,2020-06-19
14.46,2020-06-20
80.58,2020-06-21
91.41,2020-06-22
8.16,2020-06-23
0.0,2020-06-24
0.0,2020-06-25
0.0,2020-06-26
1.5,2020-06-27
9.08,2020-06-28
9.41,2020-06-29
9.77,2020-06-30
14.72,2020-01-07
0.0,2020-02-07
0.0,2020-03-07
36.05,2020-04-07
49.82,2020-05-07
26.41,2020-06-07
11.53,2020-07-07
0.0,2020-08-07
8.49,2020-09-07
5.93,2020-10-07
5.7,2020-11-07
9.13,2020-12-07
55.1,2020-07-13
0.65,2020-07-14
31.26,2020-07-15
0.59,2020-07-16
5.71,2020-07-17
0.0,2020-07-18
0.0,2020-07-19
0.0,2020-07-20
4.43,2020-07-21
0.86,2020-07-22
52.85,2020-07-23
14.11,2020-07-24
0.0,2020-07-25
0.0,2020-07-26
0.0,2020-07-27
0.0,2020-07-28
2.54,2020-07-29
4.15,2020-07-30
0.0,2020-07-31
0.0,2020-01-08
14.11,2020-02-08
4.05,2020-03-08
0.0,2020-04-08
15.06,2020-05-08
5.51,2020-06-08
2.4,2020-07-08
1.5,2020-08-08
1.46,2020-09-08
15.66,2020-10-08
0.0,2020-11-08
0.8,2020-12-08
5.65,2020-08-13
6.77,2020-08-14
1.05,2020-08-15
28.11,2020-08-16
14.72,2020-08-17
0.35,2020-08-18
0.0,2020-08-19
105.71,2020-08-20
7.95,2020-08-21
1.17,2020-08-22
0.0,2020-08-23
6.49,2020-08-24
0.0,2020-08-25
35.74,2020-08-26
79.15,2020-08-27
19.9,2020-08-28
2.82,2020-08-29
0.0,2020-08-30
0.3,2020-08-31
0.0,2020-01-09
2.25,2020-02-09
0.0,2020-03-09
0.0,2020-04-09
13.5,2020-05-09
1.8,2020-06-09
0.2,2020-07-09
0.3,2020-08-09
0.0,2020-09-09
0.0,2020-10-09
2.74,2020-11-09
0.0,2020-12-09
0.0,2020-09-13
0.0,2020-09-14
10.49,2020-09-15
2.1,2020-09-16
0.0,2020-09-17
0.0,2020-09-18
0.2,2020-09-19
2.21,2020-09-20
57.48,2020-09-21
8.97,2020-09-22
0.0,2020-09-23
0.0,2020-09-24
0.0,2020-09-25
2.63,2020-09-26
0.0,2020-09-27
3.57,2020-09-28
0.0,2020-09-29
1.9,2020-09-30
17.33,2020-01-10
10.12,2020-02-10
14.13,2020-03-10
3.92,2020-04-10
20.18,2020-05-10
6.7,2020-06-10
0.7,2020-07-10
0.0,2020-08-10
0.0,2020-09-10
0.0,2020-10-10
13.07,2020-11-10
0.0,2020-12-10
0.0,2020-10-13
6.86,2020-10-14
5.04,2020-10-15
0.0,2020-10-16
5.67,2020-10-17
0.73,2020-10-18
0.0,2020-10-19
0.0,2020-10-20
0.0,2020-10-21
0.0,2020-10-22
0.0,2020-10-23
0.0,2020-10-24
0.0,2020-10-25
0.0,2020-10-26
0.0,2020-10-27
0.0,2020-10-28
0.0,2020-10-29
0.0,2020-10-30
0.0,2020-10-31
0.0,2020-01-11
0.0,2020-02-11
0.0,2020-03-11
0.0,2020-04-11
0.0,2020-05-11
0.0,2020-06-11
0.0,2020-07-11
0.0,2020-08-11
0.0,2020-09-11
0.0,2020-10-11
0.0,2020-11-11
0.0,2020-12-11
0.0,2020-11-13
0.0,2020-11-14
0.0,2020-11-15
0.0,2020-11-16
0.0,2020-11-17
0.0,2020-11-18
0.0,2020-11-19
0.0,2020-11-20
0.0,2020-11-21
0.0,2020-11-22
0.0,2020-11-23
0.0,2020-11-24
0.0,2020-11-25
0.0,2020-11-26
0.0,2020-11-27
0.0,2020-11-28
0.0,2020-11-29
0.0,2020-11-30
0.0,2020-01-12
0.0,2020-02-12
0.0,2020-03-12
0.0,2020-04-12
0.0,2020-05-12
0.0,2020-06-12
0.0,2020-07-12
0.0,2020-08-12
0.0,2020-09-12
0.0,2020-10-12
0.0,2020-11-12
0.0,2020-12-12
0.0,2020-12-13
0.0,2020-12-14
0.0,2020-12-15
0.0,2020-12-16
0.0,2020-12-17
0.0,2020-12-18
0.0,2020-12-19
0.0,2020-12-20
0.0,2020-12-21
0.0,2020-12-22
0.0,2020-12-23
0.0,2020-12-24
0.0,2020-12-25
